😀	grinning	grinning	grinning grinning face smile happy
😃	smiley	smiley	smiley grinning face with big eyes happy joy haha
😄	smile	smile	smile grinning face with smiling eyes happy joy laugh pleased
😁	grin	grin	grin beaming face with smiling eyes
😆	laughing	laughing,satisfied	laughing satisfied grinning squinting face happy haha
😅	sweat_smile	sweat_smile	sweat_smile grinning face with sweat hot
🤣	rofl	rofl	rofl rolling on the floor laughing lol laughing
😂	joy	joy	joy face with tears of joy tears
🙂	slightly_smiling_face	slightly_smiling_face	slightly_smiling_face slightly smiling face
🙃	upside_down_face	upside_down_face	upside_down_face upside-down face
🫠	melting_face	melting_face	melting_face melting face sarcasm dread
😉	wink	wink	wink winking face flirt
😊	blush	blush	blush smiling face with smiling eyes proud
😇	innocent	innocent	innocent smiling face with halo angel
🥰	smiling_face_with_three_hearts	smiling_face_with_three_hearts	smiling_face_with_three_hearts smiling face with hearts love
😍	heart_eyes	heart_eyes	heart_eyes smiling face with heart-eyes love crush
🤩	star_struck	star_struck	star_struck star-struck eyes
😘	kissing_heart	kissing_heart	kissing_heart face blowing a kiss flirt
😗	kissing	kissing	kissing kissing face
☺️	relaxed	relaxed	relaxed smiling face blush pleased
😚	kissing_closed_eyes	kissing_closed_eyes	kissing_closed_eyes kissing face with closed eyes
😙	kissing_smiling_eyes	kissing_smiling_eyes	kissing_smiling_eyes kissing face with smiling eyes
🥲	smiling_face_with_tear	smiling_face_with_tear	smiling_face_with_tear smiling face with tear
😋	yum	yum	yum face savoring food tongue lick
😛	stuck_out_tongue	stuck_out_tongue	stuck_out_tongue face with tongue
😜	stuck_out_tongue_winking_eye	stuck_out_tongue_winking_eye	stuck_out_tongue_winking_eye winking face with tongue prank silly
🤪	zany_face	zany_face	zany_face zany face goofy wacky
😝	stuck_out_tongue_closed_eyes	stuck_out_tongue_closed_eyes	stuck_out_tongue_closed_eyes squinting face with tongue prank
🤑	money_mouth_face	money_mouth_face	money_mouth_face money-mouth face rich
🤗	hugs	hugs	hugs smiling face with open hands
🤭	hand_over_mouth	hand_over_mouth	hand_over_mouth face with hand over mouth quiet whoops
🫢	face_with_open_eyes_and_hand_over_mouth	face_with_open_eyes_and_hand_over_mouth	face_with_open_eyes_and_hand_over_mouth face with open eyes and hand over mouth gasp shock
🫣	face_with_peeking_eye	face_with_peeking_eye	face_with_peeking_eye face with peeking eye
🤫	shushing_face	shushing_face	shushing_face shushing face silence quiet
🤔	thinking	thinking	thinking thinking face
🫡	saluting_face	saluting_face	saluting_face saluting face respect
🤐	zipper_mouth_face	zipper_mouth_face	zipper_mouth_face zipper-mouth face silence hush
🤨	raised_eyebrow	raised_eyebrow	raised_eyebrow face with raised eyebrow suspicious
😐	neutral_face	neutral_face	neutral_face neutral face meh
😑	expressionless	expressionless	expressionless expressionless face
😶	no_mouth	no_mouth	no_mouth face without mouth mute silence
🫥	dotted_line_face	dotted_line_face	dotted_line_face dotted line face invisible
😶‍🌫️	face_in_clouds	face_in_clouds	face_in_clouds face in clouds
😏	smirk	smirk	smirk smirking face smug
😒	unamused	unamused	unamused unamused face meh
🙄	roll_eyes	roll_eyes	roll_eyes face with rolling eyes
😬	grimacing	grimacing	grimacing grimacing face
😮‍💨	face_exhaling	face_exhaling	face_exhaling face exhaling
🤥	lying_face	lying_face	lying_face lying face liar
🫨	shaking_face	shaking_face	shaking_face shaking face shock
😌	relieved	relieved	relieved relieved face whew
😔	pensive	pensive	pensive pensive face
😪	sleepy	sleepy	sleepy sleepy face tired
🤤	drooling_face	drooling_face	drooling_face drooling face
😴	sleeping	sleeping	sleeping sleeping face zzz
😷	mask	mask	mask face with medical mask sick ill
🤒	face_with_thermometer	face_with_thermometer	face_with_thermometer face with thermometer sick
🤕	face_with_head_bandage	face_with_head_bandage	face_with_head_bandage face with head-bandage hurt
🤢	nauseated_face	nauseated_face	nauseated_face nauseated face sick barf disgusted
🤮	vomiting_face	vomiting_face	vomiting_face face vomiting barf sick
🤧	sneezing_face	sneezing_face	sneezing_face sneezing face achoo sick
🥵	hot_face	hot_face	hot_face hot face heat sweating
🥶	cold_face	cold_face	cold_face cold face freezing ice
🥴	woozy_face	woozy_face	woozy_face woozy face groggy
😵	dizzy_face	dizzy_face	dizzy_face face with crossed-out eyes
😵‍💫	face_with_spiral_eyes	face_with_spiral_eyes	face_with_spiral_eyes face with spiral eyes
🤯	exploding_head	exploding_head	exploding_head exploding head mind blown
🤠	cowboy_hat_face	cowboy_hat_face	cowboy_hat_face cowboy hat face
🥳	partying_face	partying_face	partying_face partying face celebration birthday
🥸	disguised_face	disguised_face	disguised_face disguised face
😎	sunglasses	sunglasses	sunglasses smiling face with sunglasses cool
🤓	nerd_face	nerd_face	nerd_face nerd face geek glasses
🧐	monocle_face	monocle_face	monocle_face face with monocle
😕	confused	confused	confused confused face
🫤	face_with_diagonal_mouth	face_with_diagonal_mouth	face_with_diagonal_mouth face with diagonal mouth confused
😟	worried	worried	worried worried face nervous
🙁	slightly_frowning_face	slightly_frowning_face	slightly_frowning_face slightly frowning face
☹️	frowning_face	frowning_face	frowning_face frowning face
😮	open_mouth	open_mouth	open_mouth face with open mouth surprise impressed wow
😯	hushed	hushed	hushed hushed face silence speechless
😲	astonished	astonished	astonished astonished face amazed gasp
😳	flushed	flushed	flushed flushed face
🥺	pleading_face	pleading_face	pleading_face pleading face puppy eyes
🥹	face_holding_back_tears	face_holding_back_tears	face_holding_back_tears face holding back tears tears gratitude
😦	frowning	frowning	frowning frowning face with open mouth
😧	anguished	anguished	anguished anguished face stunned
😨	fearful	fearful	fearful fearful face scared shocked oops
😰	cold_sweat	cold_sweat	cold_sweat anxious face with sweat nervous
😥	disappointed_relieved	disappointed_relieved	disappointed_relieved sad but relieved face phew sweat nervous
😢	cry	cry	cry crying face sad tear
😭	sob	sob	sob loudly crying face sad cry bawling
😱	scream	scream	scream face screaming in fear horror shocked
😖	confounded	confounded	confounded confounded face
😣	persevere	persevere	persevere persevering face struggling
😞	disappointed	disappointed	disappointed disappointed face sad
😓	sweat	sweat	sweat downcast face with sweat
😩	weary	weary	weary weary face tired
😫	tired_face	tired_face	tired_face tired face upset whine
🥱	yawning_face	yawning_face	yawning_face yawning face
😤	triumph	triumph	triumph face with steam from nose smug
😡	rage	rage,pout	rage pout enraged face angry
😠	angry	angry	angry angry face mad annoyed
🤬	cursing_face	cursing_face	cursing_face face with symbols on mouth foul
😈	smiling_imp	smiling_imp	smiling_imp smiling face with horns devil evil horns
👿	imp	imp	imp angry face with horns angry devil evil horns
💀	skull	skull	skull skull dead danger poison
☠️	skull_and_crossbones	skull_and_crossbones	skull_and_crossbones skull and crossbones danger pirate
💩	hankey	hankey,poop,shit	hankey poop shit pile of poo crap
🤡	clown_face	clown_face	clown_face clown face
👹	japanese_ogre	japanese_ogre	japanese_ogre ogre monster
👺	japanese_goblin	japanese_goblin	japanese_goblin goblin
👻	ghost	ghost	ghost ghost halloween
👽	alien	alien	alien alien ufo
👾	space_invader	space_invader	space_invader alien monster game retro
🤖	robot	robot	robot robot
😺	smiley_cat	smiley_cat	smiley_cat grinning cat
😸	smile_cat	smile_cat	smile_cat grinning cat with smiling eyes
😹	joy_cat	joy_cat	joy_cat cat with tears of joy
😻	heart_eyes_cat	heart_eyes_cat	heart_eyes_cat smiling cat with heart-eyes
😼	smirk_cat	smirk_cat	smirk_cat cat with wry smile
😽	kissing_cat	kissing_cat	kissing_cat kissing cat
🙀	scream_cat	scream_cat	scream_cat weary cat horror
😿	crying_cat_face	crying_cat_face	crying_cat_face crying cat sad tear
😾	pouting_cat	pouting_cat	pouting_cat pouting cat
🙈	see_no_evil	see_no_evil	see_no_evil see-no-evil monkey monkey blind ignore
🙉	hear_no_evil	hear_no_evil	hear_no_evil hear-no-evil monkey monkey deaf
🙊	speak_no_evil	speak_no_evil	speak_no_evil speak-no-evil monkey monkey mute hush
💌	love_letter	love_letter	love_letter love letter email envelope
💘	cupid	cupid	cupid heart with arrow love heart
💝	gift_heart	gift_heart	gift_heart heart with ribbon chocolates
💖	sparkling_heart	sparkling_heart	sparkling_heart sparkling heart
💗	heartpulse	heartpulse	heartpulse growing heart
💓	heartbeat	heartbeat	heartbeat beating heart
💞	revolving_hearts	revolving_hearts	revolving_hearts revolving hearts
💕	two_hearts	two_hearts	two_hearts two hearts
💟	heart_decoration	heart_decoration	heart_decoration heart decoration
❣️	heavy_heart_exclamation	heavy_heart_exclamation	heavy_heart_exclamation heart exclamation
💔	broken_heart	broken_heart	broken_heart broken heart
❤️‍🔥	heart_on_fire	heart_on_fire	heart_on_fire heart on fire
❤️‍🩹	mending_heart	mending_heart	mending_heart mending heart
❤️	heart	heart	heart red heart love
🩷	pink_heart	pink_heart	pink_heart pink heart
🧡	orange_heart	orange_heart	orange_heart orange heart
💛	yellow_heart	yellow_heart	yellow_heart yellow heart
💚	green_heart	green_heart	green_heart green heart
💙	blue_heart	blue_heart	blue_heart blue heart
🩵	light_blue_heart	light_blue_heart	light_blue_heart light blue heart
💜	purple_heart	purple_heart	purple_heart purple heart
🤎	brown_heart	brown_heart	brown_heart brown heart
🖤	black_heart	black_heart	black_heart black heart
🩶	grey_heart	grey_heart	grey_heart grey heart
🤍	white_heart	white_heart	white_heart white heart
💋	kiss	kiss	kiss kiss mark lipstick
💯	100	100	100 hundred points score perfect
💢	anger	anger	anger anger symbol angry
💥	boom	boom,collision	boom collision collision explode
💫	dizzy	dizzy	dizzy dizzy star
💦	sweat_drops	sweat_drops	sweat_drops sweat droplets water workout
💨	dash	dash	dash dashing away wind blow fast
🕳️	hole	hole	hole hole
💬	speech_balloon	speech_balloon	speech_balloon speech balloon comment
👁️‍🗨️	eye_speech_bubble	eye_speech_bubble	eye_speech_bubble eye in speech bubble
🗨️	left_speech_bubble	left_speech_bubble	left_speech_bubble left speech bubble
🗯️	right_anger_bubble	right_anger_bubble	right_anger_bubble right anger bubble
💭	thought_balloon	thought_balloon	thought_balloon thought balloon thinking
💤	zzz	zzz	zzz ZZZ sleeping
👋	wave	wave	wave waving hand goodbye
🤚	raised_back_of_hand	raised_back_of_hand	raised_back_of_hand raised back of hand
🖐️	raised_hand_with_fingers_splayed	raised_hand_with_fingers_splayed	raised_hand_with_fingers_splayed hand with fingers splayed
✋	hand	hand,raised_hand	hand raised_hand raised hand highfive stop
🖖	vulcan_salute	vulcan_salute	vulcan_salute vulcan salute prosper spock
🫱	rightwards_hand	rightwards_hand	rightwards_hand rightwards hand
🫲	leftwards_hand	leftwards_hand	leftwards_hand leftwards hand
🫳	palm_down_hand	palm_down_hand	palm_down_hand palm down hand
🫴	palm_up_hand	palm_up_hand	palm_up_hand palm up hand
🫷	leftwards_pushing_hand	leftwards_pushing_hand	leftwards_pushing_hand leftwards pushing hand
🫸	rightwards_pushing_hand	rightwards_pushing_hand	rightwards_pushing_hand rightwards pushing hand
👌	ok_hand	ok_hand	ok_hand OK hand
🤌	pinched_fingers	pinched_fingers	pinched_fingers pinched fingers
🤏	pinching_hand	pinching_hand	pinching_hand pinching hand
✌️	v	v	v victory hand victory peace
🤞	crossed_fingers	crossed_fingers	crossed_fingers crossed fingers luck hopeful
🫰	hand_with_index_finger_and_thumb_crossed	hand_with_index_finger_and_thumb_crossed	hand_with_index_finger_and_thumb_crossed hand with index finger and thumb crossed
🤟	love_you_gesture	love_you_gesture	love_you_gesture love-you gesture
🤘	metal	metal	metal sign of the horns
🤙	call_me_hand	call_me_hand	call_me_hand call me hand
👈	point_left	point_left	point_left backhand index pointing left
👉	point_right	point_right	point_right backhand index pointing right
👆	point_up_2	point_up_2	point_up_2 backhand index pointing up
🖕	middle_finger	middle_finger,fu	middle_finger fu middle finger
👇	point_down	point_down	point_down backhand index pointing down
☝️	point_up	point_up	point_up index pointing up
🫵	index_pointing_at_the_viewer	index_pointing_at_the_viewer	index_pointing_at_the_viewer index pointing at the viewer
👍	+1	+1,thumbsup	+1 thumbsup thumbs up approve ok
👎	-1	-1,thumbsdown	-1 thumbsdown thumbs down disapprove bury
✊	fist_raised	fist_raised,fist	fist_raised fist raised fist power
👊	fist_oncoming	fist_oncoming,facepunch,punch	fist_oncoming facepunch punch oncoming fist attack
🤛	fist_left	fist_left	fist_left left-facing fist
🤜	fist_right	fist_right	fist_right right-facing fist
👏	clap	clap	clap clapping hands praise applause
🙌	raised_hands	raised_hands	raised_hands raising hands hooray
🫶	heart_hands	heart_hands	heart_hands heart hands love
👐	open_hands	open_hands	open_hands open hands
🤲	palms_up_together	palms_up_together	palms_up_together palms up together
🤝	handshake	handshake	handshake handshake deal
🙏	pray	pray	pray folded hands please hope wish
✍️	writing_hand	writing_hand	writing_hand writing hand
💅	nail_care	nail_care	nail_care nail polish beauty manicure
🤳	selfie	selfie	selfie selfie
💪	muscle	muscle	muscle flexed biceps flex bicep strong workout
🦾	mechanical_arm	mechanical_arm	mechanical_arm mechanical arm
🦿	mechanical_leg	mechanical_leg	mechanical_leg mechanical leg
🦵	leg	leg	leg leg
🦶	foot	foot	foot foot
👂	ear	ear	ear ear hear sound listen
🦻	ear_with_hearing_aid	ear_with_hearing_aid	ear_with_hearing_aid ear with hearing aid
👃	nose	nose	nose nose smell
🧠	brain	brain	brain brain
🫀	anatomical_heart	anatomical_heart	anatomical_heart anatomical heart
🫁	lungs	lungs	lungs lungs
🦷	tooth	tooth	tooth tooth
🦴	bone	bone	bone bone
👀	eyes	eyes	eyes eyes look see watch
👁️	eye	eye	eye eye
👅	tongue	tongue	tongue tongue taste
👄	lips	lips	lips mouth kiss
🫦	biting_lip	biting_lip	biting_lip biting lip
👶	baby	baby	baby baby child newborn
🧒	child	child	child child
👦	boy	boy	boy boy child
👧	girl	girl	girl girl child
🧑	adult	adult	adult person
👱	blond_haired_person	blond_haired_person	blond_haired_person person: blond hair
👨	man	man	man man mustache father dad
🧔	bearded_person	bearded_person	bearded_person person: beard
🧔‍♂️	man_beard	man_beard	man_beard man: beard
🧔‍♀️	woman_beard	woman_beard	woman_beard woman: beard
👨‍🦰	red_haired_man	red_haired_man	red_haired_man man: red hair
👨‍🦱	curly_haired_man	curly_haired_man	curly_haired_man man: curly hair
👨‍🦳	white_haired_man	white_haired_man	white_haired_man man: white hair
👨‍🦲	bald_man	bald_man	bald_man man: bald
👩	woman	woman	woman woman girls
👩‍🦰	red_haired_woman	red_haired_woman	red_haired_woman woman: red hair
🧑‍🦰	person_red_hair	person_red_hair	person_red_hair person: red hair
👩‍🦱	curly_haired_woman	curly_haired_woman	curly_haired_woman woman: curly hair
🧑‍🦱	person_curly_hair	person_curly_hair	person_curly_hair person: curly hair
👩‍🦳	white_haired_woman	white_haired_woman	white_haired_woman woman: white hair
🧑‍🦳	person_white_hair	person_white_hair	person_white_hair person: white hair
👩‍🦲	bald_woman	bald_woman	bald_woman woman: bald
🧑‍🦲	person_bald	person_bald	person_bald person: bald
👱‍♀️	blond_haired_woman	blond_haired_woman,blonde_woman	blond_haired_woman blonde_woman woman: blond hair
👱‍♂️	blond_haired_man	blond_haired_man	blond_haired_man man: blond hair
🧓	older_adult	older_adult	older_adult older person
👴	older_man	older_man	older_man old man
👵	older_woman	older_woman	older_woman old woman
🙍	frowning_person	frowning_person	frowning_person person frowning
🙍‍♂️	frowning_man	frowning_man	frowning_man man frowning
🙍‍♀️	frowning_woman	frowning_woman	frowning_woman woman frowning
🙎	pouting_face	pouting_face	pouting_face person pouting
🙎‍♂️	pouting_man	pouting_man	pouting_man man pouting
🙎‍♀️	pouting_woman	pouting_woman	pouting_woman woman pouting
🙅	no_good	no_good	no_good person gesturing NO stop halt denied
🙅‍♂️	no_good_man	no_good_man,ng_man	no_good_man ng_man man gesturing NO stop halt denied
🙅‍♀️	no_good_woman	no_good_woman,ng_woman	no_good_woman ng_woman woman gesturing NO stop halt denied
🙆	ok_person	ok_person	ok_person person gesturing OK
🙆‍♂️	ok_man	ok_man	ok_man man gesturing OK
🙆‍♀️	ok_woman	ok_woman	ok_woman woman gesturing OK
💁	tipping_hand_person	tipping_hand_person,information_desk_person	tipping_hand_person information_desk_person person tipping hand
💁‍♂️	tipping_hand_man	tipping_hand_man,sassy_man	tipping_hand_man sassy_man man tipping hand information
💁‍♀️	tipping_hand_woman	tipping_hand_woman,sassy_woman	tipping_hand_woman sassy_woman woman tipping hand information
🙋	raising_hand	raising_hand	raising_hand person raising hand
🙋‍♂️	raising_hand_man	raising_hand_man	raising_hand_man man raising hand
🙋‍♀️	raising_hand_woman	raising_hand_woman	raising_hand_woman woman raising hand
🧏	deaf_person	deaf_person	deaf_person deaf person
🧏‍♂️	deaf_man	deaf_man	deaf_man deaf man
🧏‍♀️	deaf_woman	deaf_woman	deaf_woman deaf woman
🙇	bow	bow	bow person bowing respect thanks
🙇‍♂️	bowing_man	bowing_man	bowing_man man bowing respect thanks
🙇‍♀️	bowing_woman	bowing_woman	bowing_woman woman bowing respect thanks
🤦	facepalm	facepalm	facepalm person facepalming
🤦‍♂️	man_facepalming	man_facepalming	man_facepalming man facepalming
🤦‍♀️	woman_facepalming	woman_facepalming	woman_facepalming woman facepalming
🤷	shrug	shrug	shrug person shrugging
🤷‍♂️	man_shrugging	man_shrugging	man_shrugging man shrugging
🤷‍♀️	woman_shrugging	woman_shrugging	woman_shrugging woman shrugging
🧑‍⚕️	health_worker	health_worker	health_worker health worker
👨‍⚕️	man_health_worker	man_health_worker	man_health_worker man health worker doctor nurse
👩‍⚕️	woman_health_worker	woman_health_worker	woman_health_worker woman health worker doctor nurse
🧑‍🎓	student	student	student student
👨‍🎓	man_student	man_student	man_student man student graduation
👩‍🎓	woman_student	woman_student	woman_student woman student graduation
🧑‍🏫	teacher	teacher	teacher teacher
👨‍🏫	man_teacher	man_teacher	man_teacher man teacher school professor
👩‍🏫	woman_teacher	woman_teacher	woman_teacher woman teacher school professor
🧑‍⚖️	judge	judge	judge judge
👨‍⚖️	man_judge	man_judge	man_judge man judge justice
👩‍⚖️	woman_judge	woman_judge	woman_judge woman judge justice
🧑‍🌾	farmer	farmer	farmer farmer
👨‍🌾	man_farmer	man_farmer	man_farmer man farmer
👩‍🌾	woman_farmer	woman_farmer	woman_farmer woman farmer
🧑‍🍳	cook	cook	cook cook
👨‍🍳	man_cook	man_cook	man_cook man cook chef
👩‍🍳	woman_cook	woman_cook	woman_cook woman cook chef
🧑‍🔧	mechanic	mechanic	mechanic mechanic
👨‍🔧	man_mechanic	man_mechanic	man_mechanic man mechanic
👩‍🔧	woman_mechanic	woman_mechanic	woman_mechanic woman mechanic
🧑‍🏭	factory_worker	factory_worker	factory_worker factory worker
👨‍🏭	man_factory_worker	man_factory_worker	man_factory_worker man factory worker
👩‍🏭	woman_factory_worker	woman_factory_worker	woman_factory_worker woman factory worker
🧑‍💼	office_worker	office_worker	office_worker office worker
👨‍💼	man_office_worker	man_office_worker	man_office_worker man office worker business
👩‍💼	woman_office_worker	woman_office_worker	woman_office_worker woman office worker business
🧑‍🔬	scientist	scientist	scientist scientist
👨‍🔬	man_scientist	man_scientist	man_scientist man scientist research
👩‍🔬	woman_scientist	woman_scientist	woman_scientist woman scientist research
🧑‍💻	technologist	technologist	technologist technologist
👨‍💻	man_technologist	man_technologist	man_technologist man technologist coder
👩‍💻	woman_technologist	woman_technologist	woman_technologist woman technologist coder
🧑‍🎤	singer	singer	singer singer
👨‍🎤	man_singer	man_singer	man_singer man singer rockstar
👩‍🎤	woman_singer	woman_singer	woman_singer woman singer rockstar
🧑‍🎨	artist	artist	artist artist
👨‍🎨	man_artist	man_artist	man_artist man artist painter
👩‍🎨	woman_artist	woman_artist	woman_artist woman artist painter
🧑‍✈️	pilot	pilot	pilot pilot
👨‍✈️	man_pilot	man_pilot	man_pilot man pilot
👩‍✈️	woman_pilot	woman_pilot	woman_pilot woman pilot
🧑‍🚀	astronaut	astronaut	astronaut astronaut
👨‍🚀	man_astronaut	man_astronaut	man_astronaut man astronaut space
👩‍🚀	woman_astronaut	woman_astronaut	woman_astronaut woman astronaut space
🧑‍🚒	firefighter	firefighter	firefighter firefighter
👨‍🚒	man_firefighter	man_firefighter	man_firefighter man firefighter
👩‍🚒	woman_firefighter	woman_firefighter	woman_firefighter woman firefighter
👮	police_officer	police_officer,cop	police_officer cop police officer law
👮‍♂️	policeman	policeman	policeman man police officer law cop
👮‍♀️	policewoman	policewoman	policewoman woman police officer law cop
🕵️	detective	detective	detective detective sleuth
🕵️‍♂️	male_detective	male_detective	male_detective man detective sleuth
🕵️‍♀️	female_detective	female_detective	female_detective woman detective sleuth
💂	guard	guard	guard guard
💂‍♂️	guardsman	guardsman	guardsman man guard
💂‍♀️	guardswoman	guardswoman	guardswoman woman guard
🥷	ninja	ninja	ninja ninja
👷	construction_worker	construction_worker	construction_worker construction worker helmet
👷‍♂️	construction_worker_man	construction_worker_man	construction_worker_man man construction worker helmet
👷‍♀️	construction_worker_woman	construction_worker_woman	construction_worker_woman woman construction worker helmet
🫅	person_with_crown	person_with_crown	person_with_crown person with crown
🤴	prince	prince	prince prince crown royal
👸	princess	princess	princess princess crown royal
👳	person_with_turban	person_with_turban	person_with_turban person wearing turban
👳‍♂️	man_with_turban	man_with_turban	man_with_turban man wearing turban
👳‍♀️	woman_with_turban	woman_with_turban	woman_with_turban woman wearing turban
👲	man_with_gua_pi_mao	man_with_gua_pi_mao	man_with_gua_pi_mao person with skullcap
🧕	woman_with_headscarf	woman_with_headscarf	woman_with_headscarf woman with headscarf hijab
🤵	person_in_tuxedo	person_in_tuxedo	person_in_tuxedo person in tuxedo groom marriage wedding
🤵‍♂️	man_in_tuxedo	man_in_tuxedo	man_in_tuxedo man in tuxedo
🤵‍♀️	woman_in_tuxedo	woman_in_tuxedo	woman_in_tuxedo woman in tuxedo
👰	person_with_veil	person_with_veil	person_with_veil person with veil marriage wedding
👰‍♂️	man_with_veil	man_with_veil	man_with_veil man with veil
👰‍♀️	woman_with_veil	woman_with_veil,bride_with_veil	woman_with_veil bride_with_veil woman with veil
🤰	pregnant_woman	pregnant_woman	pregnant_woman pregnant woman
🫃	pregnant_man	pregnant_man	pregnant_man pregnant man
🫄	pregnant_person	pregnant_person	pregnant_person pregnant person
🤱	breast_feeding	breast_feeding	breast_feeding breast-feeding nursing
👩‍🍼	woman_feeding_baby	woman_feeding_baby	woman_feeding_baby woman feeding baby
👨‍🍼	man_feeding_baby	man_feeding_baby	man_feeding_baby man feeding baby
🧑‍🍼	person_feeding_baby	person_feeding_baby	person_feeding_baby person feeding baby
👼	angel	angel	angel baby angel
🎅	santa	santa	santa Santa Claus christmas
🤶	mrs_claus	mrs_claus	mrs_claus Mrs. Claus santa
🧑‍🎄	mx_claus	mx_claus	mx_claus mx claus
🦸	superhero	superhero	superhero superhero
🦸‍♂️	superhero_man	superhero_man	superhero_man man superhero
🦸‍♀️	superhero_woman	superhero_woman	superhero_woman woman superhero
🦹	supervillain	supervillain	supervillain supervillain
🦹‍♂️	supervillain_man	supervillain_man	supervillain_man man supervillain
🦹‍♀️	supervillain_woman	supervillain_woman	supervillain_woman woman supervillain
🧙	mage	mage	mage mage wizard
🧙‍♂️	mage_man	mage_man	mage_man man mage wizard
🧙‍♀️	mage_woman	mage_woman	mage_woman woman mage wizard
🧚	fairy	fairy	fairy fairy
🧚‍♂️	fairy_man	fairy_man	fairy_man man fairy
🧚‍♀️	fairy_woman	fairy_woman	fairy_woman woman fairy
🧛	vampire	vampire	vampire vampire
🧛‍♂️	vampire_man	vampire_man	vampire_man man vampire
🧛‍♀️	vampire_woman	vampire_woman	vampire_woman woman vampire
🧜	merperson	merperson	merperson merperson
🧜‍♂️	merman	merman	merman merman
🧜‍♀️	mermaid	mermaid	mermaid mermaid
🧝	elf	elf	elf elf
🧝‍♂️	elf_man	elf_man	elf_man man elf
🧝‍♀️	elf_woman	elf_woman	elf_woman woman elf
🧞	genie	genie	genie genie
🧞‍♂️	genie_man	genie_man	genie_man man genie
🧞‍♀️	genie_woman	genie_woman	genie_woman woman genie
🧟	zombie	zombie	zombie zombie
🧟‍♂️	zombie_man	zombie_man	zombie_man man zombie
🧟‍♀️	zombie_woman	zombie_woman	zombie_woman woman zombie
🧌	troll	troll	troll troll
💆	massage	massage	massage person getting massage spa
💆‍♂️	massage_man	massage_man	massage_man man getting massage spa
💆‍♀️	massage_woman	massage_woman	massage_woman woman getting massage spa
💇	haircut	haircut	haircut person getting haircut beauty
💇‍♂️	haircut_man	haircut_man	haircut_man man getting haircut
💇‍♀️	haircut_woman	haircut_woman	haircut_woman woman getting haircut
🚶	walking	walking	walking person walking
🚶‍♂️	walking_man	walking_man	walking_man man walking
🚶‍♀️	walking_woman	walking_woman	walking_woman woman walking
🧍	standing_person	standing_person	standing_person person standing
🧍‍♂️	standing_man	standing_man	standing_man man standing
🧍‍♀️	standing_woman	standing_woman	standing_woman woman standing
🧎	kneeling_person	kneeling_person	kneeling_person person kneeling
🧎‍♂️	kneeling_man	kneeling_man	kneeling_man man kneeling
🧎‍♀️	kneeling_woman	kneeling_woman	kneeling_woman woman kneeling
🧑‍🦯	person_with_probing_cane	person_with_probing_cane	person_with_probing_cane person with white cane
👨‍🦯	man_with_probing_cane	man_with_probing_cane	man_with_probing_cane man with white cane
👩‍🦯	woman_with_probing_cane	woman_with_probing_cane	woman_with_probing_cane woman with white cane
🧑‍🦼	person_in_motorized_wheelchair	person_in_motorized_wheelchair	person_in_motorized_wheelchair person in motorized wheelchair
👨‍🦼	man_in_motorized_wheelchair	man_in_motorized_wheelchair	man_in_motorized_wheelchair man in motorized wheelchair
👩‍🦼	woman_in_motorized_wheelchair	woman_in_motorized_wheelchair	woman_in_motorized_wheelchair woman in motorized wheelchair
🧑‍🦽	person_in_manual_wheelchair	person_in_manual_wheelchair	person_in_manual_wheelchair person in manual wheelchair
👨‍🦽	man_in_manual_wheelchair	man_in_manual_wheelchair	man_in_manual_wheelchair man in manual wheelchair
👩‍🦽	woman_in_manual_wheelchair	woman_in_manual_wheelchair	woman_in_manual_wheelchair woman in manual wheelchair
🏃	runner	runner,running	runner running person running exercise workout marathon
🏃‍♂️	running_man	running_man	running_man man running exercise workout marathon
🏃‍♀️	running_woman	running_woman	running_woman woman running exercise workout marathon
💃	woman_dancing	woman_dancing,dancer	woman_dancing dancer woman dancing dress
🕺	man_dancing	man_dancing	man_dancing man dancing dancer
🕴️	business_suit_levitating	business_suit_levitating	business_suit_levitating person in suit levitating
👯	dancers	dancers	dancers people with bunny ears bunny
👯‍♂️	dancing_men	dancing_men	dancing_men men with bunny ears bunny
👯‍♀️	dancing_women	dancing_women	dancing_women women with bunny ears bunny
🧖	sauna_person	sauna_person	sauna_person person in steamy room steamy
🧖‍♂️	sauna_man	sauna_man	sauna_man man in steamy room steamy
🧖‍♀️	sauna_woman	sauna_woman	sauna_woman woman in steamy room steamy
🧗	climbing	climbing	climbing person climbing bouldering
🧗‍♂️	climbing_man	climbing_man	climbing_man man climbing bouldering
🧗‍♀️	climbing_woman	climbing_woman	climbing_woman woman climbing bouldering
🤺	person_fencing	person_fencing	person_fencing person fencing
🏇	horse_racing	horse_racing	horse_racing horse racing
⛷️	skier	skier	skier skier
🏂	snowboarder	snowboarder	snowboarder snowboarder
🏌️	golfing	golfing	golfing person golfing
🏌️‍♂️	golfing_man	golfing_man	golfing_man man golfing
🏌️‍♀️	golfing_woman	golfing_woman	golfing_woman woman golfing
🏄	surfer	surfer	surfer person surfing
🏄‍♂️	surfing_man	surfing_man	surfing_man man surfing
🏄‍♀️	surfing_woman	surfing_woman	surfing_woman woman surfing
🚣	rowboat	rowboat	rowboat person rowing boat
🚣‍♂️	rowing_man	rowing_man	rowing_man man rowing boat
🚣‍♀️	rowing_woman	rowing_woman	rowing_woman woman rowing boat
🏊	swimmer	swimmer	swimmer person swimming
🏊‍♂️	swimming_man	swimming_man	swimming_man man swimming
🏊‍♀️	swimming_woman	swimming_woman	swimming_woman woman swimming
⛹️	bouncing_ball_person	bouncing_ball_person	bouncing_ball_person person bouncing ball basketball
⛹️‍♂️	bouncing_ball_man	bouncing_ball_man,basketball_man	bouncing_ball_man basketball_man man bouncing ball
⛹️‍♀️	bouncing_ball_woman	bouncing_ball_woman,basketball_woman	bouncing_ball_woman basketball_woman woman bouncing ball
🏋️	weight_lifting	weight_lifting	weight_lifting person lifting weights gym workout
🏋️‍♂️	weight_lifting_man	weight_lifting_man	weight_lifting_man man lifting weights gym workout
🏋️‍♀️	weight_lifting_woman	weight_lifting_woman	weight_lifting_woman woman lifting weights gym workout
🚴	bicyclist	bicyclist	bicyclist person biking
🚴‍♂️	biking_man	biking_man	biking_man man biking
🚴‍♀️	biking_woman	biking_woman	biking_woman woman biking
🚵	mountain_bicyclist	mountain_bicyclist	mountain_bicyclist person mountain biking
🚵‍♂️	mountain_biking_man	mountain_biking_man	mountain_biking_man man mountain biking
🚵‍♀️	mountain_biking_woman	mountain_biking_woman	mountain_biking_woman woman mountain biking
🤸	cartwheeling	cartwheeling	cartwheeling person cartwheeling
🤸‍♂️	man_cartwheeling	man_cartwheeling	man_cartwheeling man cartwheeling
🤸‍♀️	woman_cartwheeling	woman_cartwheeling	woman_cartwheeling woman cartwheeling
🤼	wrestling	wrestling	wrestling people wrestling
🤼‍♂️	men_wrestling	men_wrestling	men_wrestling men wrestling
🤼‍♀️	women_wrestling	women_wrestling	women_wrestling women wrestling
🤽	water_polo	water_polo	water_polo person playing water polo
🤽‍♂️	man_playing_water_polo	man_playing_water_polo	man_playing_water_polo man playing water polo
🤽‍♀️	woman_playing_water_polo	woman_playing_water_polo	woman_playing_water_polo woman playing water polo
🤾	handball_person	handball_person	handball_person person playing handball
🤾‍♂️	man_playing_handball	man_playing_handball	man_playing_handball man playing handball
🤾‍♀️	woman_playing_handball	woman_playing_handball	woman_playing_handball woman playing handball
🤹	juggling_person	juggling_person	juggling_person person juggling
🤹‍♂️	man_juggling	man_juggling	man_juggling man juggling
🤹‍♀️	woman_juggling	woman_juggling	woman_juggling woman juggling
🧘	lotus_position	lotus_position	lotus_position person in lotus position meditation
🧘‍♂️	lotus_position_man	lotus_position_man	lotus_position_man man in lotus position meditation
🧘‍♀️	lotus_position_woman	lotus_position_woman	lotus_position_woman woman in lotus position meditation
🛀	bath	bath	bath person taking bath shower
🛌	sleeping_bed	sleeping_bed	sleeping_bed person in bed
🧑‍🤝‍🧑	people_holding_hands	people_holding_hands	people_holding_hands people holding hands couple date
👭	two_women_holding_hands	two_women_holding_hands	two_women_holding_hands women holding hands couple date
👫	couple	couple	couple woman and man holding hands date
👬	two_men_holding_hands	two_men_holding_hands	two_men_holding_hands men holding hands couple date
💏	couplekiss	couplekiss	couplekiss kiss
👩‍❤️‍💋‍👨	couplekiss_man_woman	couplekiss_man_woman	couplekiss_man_woman kiss: woman, man
👨‍❤️‍💋‍👨	couplekiss_man_man	couplekiss_man_man	couplekiss_man_man kiss: man, man
👩‍❤️‍💋‍👩	couplekiss_woman_woman	couplekiss_woman_woman	couplekiss_woman_woman kiss: woman, woman
💑	couple_with_heart	couple_with_heart	couple_with_heart couple with heart
👩‍❤️‍👨	couple_with_heart_woman_man	couple_with_heart_woman_man	couple_with_heart_woman_man couple with heart: woman, man
👨‍❤️‍👨	couple_with_heart_man_man	couple_with_heart_man_man	couple_with_heart_man_man couple with heart: man, man
👩‍❤️‍👩	couple_with_heart_woman_woman	couple_with_heart_woman_woman	couple_with_heart_woman_woman couple with heart: woman, woman
👪	family	family	family family home parents child
👨‍👩‍👦	family_man_woman_boy	family_man_woman_boy	family_man_woman_boy family: man, woman, boy
👨‍👩‍👧	family_man_woman_girl	family_man_woman_girl	family_man_woman_girl family: man, woman, girl
👨‍👩‍👧‍👦	family_man_woman_girl_boy	family_man_woman_girl_boy	family_man_woman_girl_boy family: man, woman, girl, boy
👨‍👩‍👦‍👦	family_man_woman_boy_boy	family_man_woman_boy_boy	family_man_woman_boy_boy family: man, woman, boy, boy
👨‍👩‍👧‍👧	family_man_woman_girl_girl	family_man_woman_girl_girl	family_man_woman_girl_girl family: man, woman, girl, girl
👨‍👨‍👦	family_man_man_boy	family_man_man_boy	family_man_man_boy family: man, man, boy
👨‍👨‍👧	family_man_man_girl	family_man_man_girl	family_man_man_girl family: man, man, girl
👨‍👨‍👧‍👦	family_man_man_girl_boy	family_man_man_girl_boy	family_man_man_girl_boy family: man, man, girl, boy
👨‍👨‍👦‍👦	family_man_man_boy_boy	family_man_man_boy_boy	family_man_man_boy_boy family: man, man, boy, boy
👨‍👨‍👧‍👧	family_man_man_girl_girl	family_man_man_girl_girl	family_man_man_girl_girl family: man, man, girl, girl
👩‍👩‍👦	family_woman_woman_boy	family_woman_woman_boy	family_woman_woman_boy family: woman, woman, boy
👩‍👩‍👧	family_woman_woman_girl	family_woman_woman_girl	family_woman_woman_girl family: woman, woman, girl
👩‍👩‍👧‍👦	family_woman_woman_girl_boy	family_woman_woman_girl_boy	family_woman_woman_girl_boy family: woman, woman, girl, boy
👩‍👩‍👦‍👦	family_woman_woman_boy_boy	family_woman_woman_boy_boy	family_woman_woman_boy_boy family: woman, woman, boy, boy
👩‍👩‍👧‍👧	family_woman_woman_girl_girl	family_woman_woman_girl_girl	family_woman_woman_girl_girl family: woman, woman, girl, girl
👨‍👦	family_man_boy	family_man_boy	family_man_boy family: man, boy
👨‍👦‍👦	family_man_boy_boy	family_man_boy_boy	family_man_boy_boy family: man, boy, boy
👨‍👧	family_man_girl	family_man_girl	family_man_girl family: man, girl
👨‍👧‍👦	family_man_girl_boy	family_man_girl_boy	family_man_girl_boy family: man, girl, boy
👨‍👧‍👧	family_man_girl_girl	family_man_girl_girl	family_man_girl_girl family: man, girl, girl
👩‍👦	family_woman_boy	family_woman_boy	family_woman_boy family: woman, boy
👩‍👦‍👦	family_woman_boy_boy	family_woman_boy_boy	family_woman_boy_boy family: woman, boy, boy
👩‍👧	family_woman_girl	family_woman_girl	family_woman_girl family: woman, girl
👩‍👧‍👦	family_woman_girl_boy	family_woman_girl_boy	family_woman_girl_boy family: woman, girl, boy
👩‍👧‍👧	family_woman_girl_girl	family_woman_girl_girl	family_woman_girl_girl family: woman, girl, girl
🗣️	speaking_head	speaking_head	speaking_head speaking head
👤	bust_in_silhouette	bust_in_silhouette	bust_in_silhouette bust in silhouette user
👥	busts_in_silhouette	busts_in_silhouette	busts_in_silhouette busts in silhouette users group team
🫂	people_hugging	people_hugging	people_hugging people hugging
👣	footprints	footprints	footprints footprints feet tracks
🐵	monkey_face	monkey_face	monkey_face monkey face
🐒	monkey	monkey	monkey monkey
🦍	gorilla	gorilla	gorilla gorilla
🦧	orangutan	orangutan	orangutan orangutan
🐶	dog	dog	dog dog face pet
🐕	dog2	dog2	dog2 dog
🦮	guide_dog	guide_dog	guide_dog guide dog
🐕‍🦺	service_dog	service_dog	service_dog service dog
🐩	poodle	poodle	poodle poodle dog
🐺	wolf	wolf	wolf wolf
🦊	fox_face	fox_face	fox_face fox
🦝	raccoon	raccoon	raccoon raccoon
🐱	cat	cat	cat cat face pet
🐈	cat2	cat2	cat2 cat
🐈‍⬛	black_cat	black_cat	black_cat black cat
🦁	lion	lion	lion lion
🐯	tiger	tiger	tiger tiger face
🐅	tiger2	tiger2	tiger2 tiger
🐆	leopard	leopard	leopard leopard
🐴	horse	horse	horse horse face
🫎	moose	moose	moose moose canada
🫏	donkey	donkey	donkey donkey mule
🐎	racehorse	racehorse	racehorse horse speed
🦄	unicorn	unicorn	unicorn unicorn
🦓	zebra	zebra	zebra zebra
🦌	deer	deer	deer deer
🦬	bison	bison	bison bison
🐮	cow	cow	cow cow face
🐂	ox	ox	ox ox
🐃	water_buffalo	water_buffalo	water_buffalo water buffalo
🐄	cow2	cow2	cow2 cow
🐷	pig	pig	pig pig face
🐖	pig2	pig2	pig2 pig
🐗	boar	boar	boar boar
🐽	pig_nose	pig_nose	pig_nose pig nose
🐏	ram	ram	ram ram
🐑	sheep	sheep	sheep ewe
🐐	goat	goat	goat goat
🐪	dromedary_camel	dromedary_camel	dromedary_camel camel desert
🐫	camel	camel	camel two-hump camel
🦙	llama	llama	llama llama
🦒	giraffe	giraffe	giraffe giraffe
🐘	elephant	elephant	elephant elephant
🦣	mammoth	mammoth	mammoth mammoth
🦏	rhinoceros	rhinoceros	rhinoceros rhinoceros
🦛	hippopotamus	hippopotamus	hippopotamus hippopotamus
🐭	mouse	mouse	mouse mouse face
🐁	mouse2	mouse2	mouse2 mouse
🐀	rat	rat	rat rat
🐹	hamster	hamster	hamster hamster pet
🐰	rabbit	rabbit	rabbit rabbit face bunny
🐇	rabbit2	rabbit2	rabbit2 rabbit
🐿️	chipmunk	chipmunk	chipmunk chipmunk
🦫	beaver	beaver	beaver beaver
🦔	hedgehog	hedgehog	hedgehog hedgehog
🦇	bat	bat	bat bat
🐻	bear	bear	bear bear
🐻‍❄️	polar_bear	polar_bear	polar_bear polar bear
🐨	koala	koala	koala koala
🐼	panda_face	panda_face	panda_face panda
🦥	sloth	sloth	sloth sloth
🦦	otter	otter	otter otter
🦨	skunk	skunk	skunk skunk
🦘	kangaroo	kangaroo	kangaroo kangaroo
🦡	badger	badger	badger badger
🐾	feet	feet,paw_prints	feet paw_prints paw prints
🦃	turkey	turkey	turkey turkey thanksgiving
🐔	chicken	chicken	chicken chicken
🐓	rooster	rooster	rooster rooster
🐣	hatching_chick	hatching_chick	hatching_chick hatching chick
🐤	baby_chick	baby_chick	baby_chick baby chick
🐥	hatched_chick	hatched_chick	hatched_chick front-facing baby chick
🐦	bird	bird	bird bird
🐧	penguin	penguin	penguin penguin
🕊️	dove	dove	dove dove peace
🦅	eagle	eagle	eagle eagle
🦆	duck	duck	duck duck
🦢	swan	swan	swan swan
🦉	owl	owl	owl owl
🦤	dodo	dodo	dodo dodo
🪶	feather	feather	feather feather
🦩	flamingo	flamingo	flamingo flamingo
🦚	peacock	peacock	peacock peacock
🦜	parrot	parrot	parrot parrot
🪽	wing	wing	wing wing fly
🐦‍⬛	black_bird	black_bird	black_bird black bird
🪿	goose	goose	goose goose honk
🐸	frog	frog	frog frog
🐊	crocodile	crocodile	crocodile crocodile
🐢	turtle	turtle	turtle turtle slow
🦎	lizard	lizard	lizard lizard
🐍	snake	snake	snake snake
🐲	dragon_face	dragon_face	dragon_face dragon face
🐉	dragon	dragon	dragon dragon
🦕	sauropod	sauropod	sauropod sauropod dinosaur
🦖	t-rex	t-rex	t-rex T-Rex dinosaur
🐳	whale	whale	whale spouting whale sea
🐋	whale2	whale2	whale2 whale
🐬	dolphin	dolphin,flipper	dolphin flipper dolphin
🦭	seal	seal	seal seal
🐟	fish	fish	fish fish
🐠	tropical_fish	tropical_fish	tropical_fish tropical fish
🐡	blowfish	blowfish	blowfish blowfish
🦈	shark	shark	shark shark
🐙	octopus	octopus	octopus octopus
🐚	shell	shell	shell spiral shell sea beach
🪸	coral	coral	coral coral
🪼	jellyfish	jellyfish	jellyfish jellyfish
🐌	snail	snail	snail snail slow
🦋	butterfly	butterfly	butterfly butterfly
🐛	bug	bug	bug bug
🐜	ant	ant	ant ant
🐝	bee	bee,honeybee	bee honeybee honeybee
🪲	beetle	beetle	beetle beetle
🐞	lady_beetle	lady_beetle	lady_beetle lady beetle bug
🦗	cricket	cricket	cricket cricket
🪳	cockroach	cockroach	cockroach cockroach
🕷️	spider	spider	spider spider
🕸️	spider_web	spider_web	spider_web spider web
🦂	scorpion	scorpion	scorpion scorpion
🦟	mosquito	mosquito	mosquito mosquito
🪰	fly	fly	fly fly
🪱	worm	worm	worm worm
🦠	microbe	microbe	microbe microbe germ
💐	bouquet	bouquet	bouquet bouquet flowers
🌸	cherry_blossom	cherry_blossom	cherry_blossom cherry blossom flower spring
💮	white_flower	white_flower	white_flower white flower
🪷	lotus	lotus	lotus lotus
🏵️	rosette	rosette	rosette rosette
🌹	rose	rose	rose rose flower
🥀	wilted_flower	wilted_flower	wilted_flower wilted flower
🌺	hibiscus	hibiscus	hibiscus hibiscus
🌻	sunflower	sunflower	sunflower sunflower
🌼	blossom	blossom	blossom blossom
🌷	tulip	tulip	tulip tulip flower
🪻	hyacinth	hyacinth	hyacinth hyacinth
🌱	seedling	seedling	seedling seedling plant
🪴	potted_plant	potted_plant	potted_plant potted plant
🌲	evergreen_tree	evergreen_tree	evergreen_tree evergreen tree wood
🌳	deciduous_tree	deciduous_tree	deciduous_tree deciduous tree wood
🌴	palm_tree	palm_tree	palm_tree palm tree
🌵	cactus	cactus	cactus cactus
🌾	ear_of_rice	ear_of_rice	ear_of_rice sheaf of rice
🌿	herb	herb	herb herb
☘️	shamrock	shamrock	shamrock shamrock
🍀	four_leaf_clover	four_leaf_clover	four_leaf_clover four leaf clover luck
🍁	maple_leaf	maple_leaf	maple_leaf maple leaf canada
🍂	fallen_leaf	fallen_leaf	fallen_leaf fallen leaf autumn
🍃	leaves	leaves	leaves leaf fluttering in wind leaf
🪹	empty_nest	empty_nest	empty_nest empty nest
🪺	nest_with_eggs	nest_with_eggs	nest_with_eggs nest with eggs
🍄	mushroom	mushroom	mushroom mushroom fungus
🍇	grapes	grapes	grapes grapes
🍈	melon	melon	melon melon
🍉	watermelon	watermelon	watermelon watermelon
🍊	tangerine	tangerine,orange,mandarin	tangerine orange mandarin tangerine
🍋	lemon	lemon	lemon lemon
🍌	banana	banana	banana banana fruit
🍍	pineapple	pineapple	pineapple pineapple
🥭	mango	mango	mango mango
🍎	apple	apple	apple red apple
🍏	green_apple	green_apple	green_apple green apple fruit
🍐	pear	pear	pear pear
🍑	peach	peach	peach peach
🍒	cherries	cherries	cherries cherries fruit
🍓	strawberry	strawberry	strawberry strawberry fruit
🫐	blueberries	blueberries	blueberries blueberries
🥝	kiwi_fruit	kiwi_fruit	kiwi_fruit kiwi fruit
🍅	tomato	tomato	tomato tomato
🫒	olive	olive	olive olive
🥥	coconut	coconut	coconut coconut
🥑	avocado	avocado	avocado avocado
🍆	eggplant	eggplant	eggplant eggplant aubergine
🥔	potato	potato	potato potato
🥕	carrot	carrot	carrot carrot
🌽	corn	corn	corn ear of corn
🌶️	hot_pepper	hot_pepper	hot_pepper hot pepper spicy
🫑	bell_pepper	bell_pepper	bell_pepper bell pepper
🥒	cucumber	cucumber	cucumber cucumber
🥬	leafy_green	leafy_green	leafy_green leafy green
🥦	broccoli	broccoli	broccoli broccoli
🧄	garlic	garlic	garlic garlic
🧅	onion	onion	onion onion
🥜	peanuts	peanuts	peanuts peanuts
🫘	beans	beans	beans beans
🌰	chestnut	chestnut	chestnut chestnut
🫚	ginger_root	ginger_root	ginger_root ginger root
🫛	pea_pod	pea_pod	pea_pod pea pod
🍞	bread	bread	bread bread toast
🥐	croissant	croissant	croissant croissant
🥖	baguette_bread	baguette_bread	baguette_bread baguette bread
🫓	flatbread	flatbread	flatbread flatbread
🥨	pretzel	pretzel	pretzel pretzel
🥯	bagel	bagel	bagel bagel
🥞	pancakes	pancakes	pancakes pancakes
🧇	waffle	waffle	waffle waffle
🧀	cheese	cheese	cheese cheese wedge
🍖	meat_on_bone	meat_on_bone	meat_on_bone meat on bone
🍗	poultry_leg	poultry_leg	poultry_leg poultry leg meat chicken
🥩	cut_of_meat	cut_of_meat	cut_of_meat cut of meat
🥓	bacon	bacon	bacon bacon
🍔	hamburger	hamburger	hamburger hamburger burger
🍟	fries	fries	fries french fries
🍕	pizza	pizza	pizza pizza
🌭	hotdog	hotdog	hotdog hot dog
🥪	sandwich	sandwich	sandwich sandwich
🌮	taco	taco	taco taco
🌯	burrito	burrito	burrito burrito
🫔	tamale	tamale	tamale tamale
🥙	stuffed_flatbread	stuffed_flatbread	stuffed_flatbread stuffed flatbread
🧆	falafel	falafel	falafel falafel
🥚	egg	egg	egg egg
🍳	fried_egg	fried_egg	fried_egg cooking breakfast
🥘	shallow_pan_of_food	shallow_pan_of_food	shallow_pan_of_food shallow pan of food paella curry
🍲	stew	stew	stew pot of food
🫕	fondue	fondue	fondue fondue
🥣	bowl_with_spoon	bowl_with_spoon	bowl_with_spoon bowl with spoon
🥗	green_salad	green_salad	green_salad green salad
🍿	popcorn	popcorn	popcorn popcorn
🧈	butter	butter	butter butter
🧂	salt	salt	salt salt
🥫	canned_food	canned_food	canned_food canned food
🍱	bento	bento	bento bento box
🍘	rice_cracker	rice_cracker	rice_cracker rice cracker
🍙	rice_ball	rice_ball	rice_ball rice ball
🍚	rice	rice	rice cooked rice
🍛	curry	curry	curry curry rice
🍜	ramen	ramen	ramen steaming bowl noodle
🍝	spaghetti	spaghetti	spaghetti spaghetti pasta
🍠	sweet_potato	sweet_potato	sweet_potato roasted sweet potato
🍢	oden	oden	oden oden
🍣	sushi	sushi	sushi sushi
🍤	fried_shrimp	fried_shrimp	fried_shrimp fried shrimp tempura
🍥	fish_cake	fish_cake	fish_cake fish cake with swirl
🥮	moon_cake	moon_cake	moon_cake moon cake
🍡	dango	dango	dango dango
🥟	dumpling	dumpling	dumpling dumpling
🥠	fortune_cookie	fortune_cookie	fortune_cookie fortune cookie
🥡	takeout_box	takeout_box	takeout_box takeout box
🦀	crab	crab	crab crab
🦞	lobster	lobster	lobster lobster
🦐	shrimp	shrimp	shrimp shrimp
🦑	squid	squid	squid squid
🦪	oyster	oyster	oyster oyster
🍦	icecream	icecream	icecream soft ice cream
🍧	shaved_ice	shaved_ice	shaved_ice shaved ice
🍨	ice_cream	ice_cream	ice_cream ice cream
🍩	doughnut	doughnut	doughnut doughnut
🍪	cookie	cookie	cookie cookie
🎂	birthday	birthday	birthday birthday cake party
🍰	cake	cake	cake shortcake dessert
🧁	cupcake	cupcake	cupcake cupcake
🥧	pie	pie	pie pie
🍫	chocolate_bar	chocolate_bar	chocolate_bar chocolate bar
🍬	candy	candy	candy candy sweet
🍭	lollipop	lollipop	lollipop lollipop
🍮	custard	custard	custard custard
🍯	honey_pot	honey_pot	honey_pot honey pot
🍼	baby_bottle	baby_bottle	baby_bottle baby bottle milk
🥛	milk_glass	milk_glass	milk_glass glass of milk
☕	coffee	coffee	coffee hot beverage cafe espresso
🫖	teapot	teapot	teapot teapot
🍵	tea	tea	tea teacup without handle green breakfast
🍶	sake	sake	sake sake
🍾	champagne	champagne	champagne bottle with popping cork bottle bubbly celebration
🍷	wine_glass	wine_glass	wine_glass wine glass
🍸	cocktail	cocktail	cocktail cocktail glass drink
🍹	tropical_drink	tropical_drink	tropical_drink tropical drink summer vacation
🍺	beer	beer	beer beer mug drink
🍻	beers	beers	beers clinking beer mugs drinks
🥂	clinking_glasses	clinking_glasses	clinking_glasses clinking glasses cheers toast
🥃	tumbler_glass	tumbler_glass	tumbler_glass tumbler glass whisky
🫗	pouring_liquid	pouring_liquid	pouring_liquid pouring liquid
🥤	cup_with_straw	cup_with_straw	cup_with_straw cup with straw
🧋	bubble_tea	bubble_tea	bubble_tea bubble tea
🧃	beverage_box	beverage_box	beverage_box beverage box
🧉	mate	mate	mate mate
🧊	ice_cube	ice_cube	ice_cube ice
🥢	chopsticks	chopsticks	chopsticks chopsticks
🍽️	plate_with_cutlery	plate_with_cutlery	plate_with_cutlery fork and knife with plate dining dinner
🍴	fork_and_knife	fork_and_knife	fork_and_knife fork and knife cutlery
🥄	spoon	spoon	spoon spoon
🔪	hocho	hocho,knife	hocho knife kitchen knife cut chop
🫙	jar	jar	jar jar
🏺	amphora	amphora	amphora amphora
🌍	earth_africa	earth_africa	earth_africa globe showing Europe-Africa globe world international
🌎	earth_americas	earth_americas	earth_americas globe showing Americas globe world international
🌏	earth_asia	earth_asia	earth_asia globe showing Asia-Australia globe world international
🌐	globe_with_meridians	globe_with_meridians	globe_with_meridians globe with meridians world global international
🗺️	world_map	world_map	world_map world map travel
🗾	japan	japan	japan map of Japan
🧭	compass	compass	compass compass
🏔️	mountain_snow	mountain_snow	mountain_snow snow-capped mountain
⛰️	mountain	mountain	mountain mountain
🌋	volcano	volcano	volcano volcano
🗻	mount_fuji	mount_fuji	mount_fuji mount fuji
🏕️	camping	camping	camping camping
🏖️	beach_umbrella	beach_umbrella	beach_umbrella beach with umbrella
🏜️	desert	desert	desert desert
🏝️	desert_island	desert_island	desert_island desert island
🏞️	national_park	national_park	national_park national park
🏟️	stadium	stadium	stadium stadium
🏛️	classical_building	classical_building	classical_building classical building
🏗️	building_construction	building_construction	building_construction building construction
🧱	bricks	bricks	bricks brick
🪨	rock	rock	rock rock
🪵	wood	wood	wood wood
🛖	hut	hut	hut hut
🏘️	houses	houses	houses houses
🏚️	derelict_house	derelict_house	derelict_house derelict house
🏠	house	house	house house
🏡	house_with_garden	house_with_garden	house_with_garden house with garden
🏢	office	office	office office building
🏣	post_office	post_office	post_office Japanese post office
🏤	european_post_office	european_post_office	european_post_office post office
🏥	hospital	hospital	hospital hospital
🏦	bank	bank	bank bank
🏨	hotel	hotel	hotel hotel
🏩	love_hotel	love_hotel	love_hotel love hotel
🏪	convenience_store	convenience_store	convenience_store convenience store
🏫	school	school	school school
🏬	department_store	department_store	department_store department store
🏭	factory	factory	factory factory
🏯	japanese_castle	japanese_castle	japanese_castle Japanese castle
🏰	european_castle	european_castle	european_castle castle
💒	wedding	wedding	wedding wedding marriage
🗼	tokyo_tower	tokyo_tower	tokyo_tower Tokyo tower
🗽	statue_of_liberty	statue_of_liberty	statue_of_liberty Statue of Liberty
⛪	church	church	church church
🕌	mosque	mosque	mosque mosque
🛕	hindu_temple	hindu_temple	hindu_temple hindu temple
🕍	synagogue	synagogue	synagogue synagogue
⛩️	shinto_shrine	shinto_shrine	shinto_shrine shinto shrine
🕋	kaaba	kaaba	kaaba kaaba
⛲	fountain	fountain	fountain fountain
⛺	tent	tent	tent tent camping
🌁	foggy	foggy	foggy foggy karl
🌃	night_with_stars	night_with_stars	night_with_stars night with stars
🏙️	cityscape	cityscape	cityscape cityscape skyline
🌄	sunrise_over_mountains	sunrise_over_mountains	sunrise_over_mountains sunrise over mountains
🌅	sunrise	sunrise	sunrise sunrise
🌆	city_sunset	city_sunset	city_sunset cityscape at dusk
🌇	city_sunrise	city_sunrise	city_sunrise sunset
🌉	bridge_at_night	bridge_at_night	bridge_at_night bridge at night
♨️	hotsprings	hotsprings	hotsprings hot springs
🎠	carousel_horse	carousel_horse	carousel_horse carousel horse
🛝	playground_slide	playground_slide	playground_slide playground slide
🎡	ferris_wheel	ferris_wheel	ferris_wheel ferris wheel
🎢	roller_coaster	roller_coaster	roller_coaster roller coaster
💈	barber	barber	barber barber pole
🎪	circus_tent	circus_tent	circus_tent circus tent
🚂	steam_locomotive	steam_locomotive	steam_locomotive locomotive train
🚃	railway_car	railway_car	railway_car railway car
🚄	bullettrain_side	bullettrain_side	bullettrain_side high-speed train train
🚅	bullettrain_front	bullettrain_front	bullettrain_front bullet train train
🚆	train2	train2	train2 train
🚇	metro	metro	metro metro
🚈	light_rail	light_rail	light_rail light rail
🚉	station	station	station station
🚊	tram	tram	tram tram
🚝	monorail	monorail	monorail monorail
🚞	mountain_railway	mountain_railway	mountain_railway mountain railway
🚋	train	train	train tram car
🚌	bus	bus	bus bus
🚍	oncoming_bus	oncoming_bus	oncoming_bus oncoming bus
🚎	trolleybus	trolleybus	trolleybus trolleybus
🚐	minibus	minibus	minibus minibus
🚑	ambulance	ambulance	ambulance ambulance
🚒	fire_engine	fire_engine	fire_engine fire engine
🚓	police_car	police_car	police_car police car
🚔	oncoming_police_car	oncoming_police_car	oncoming_police_car oncoming police car
🚕	taxi	taxi	taxi taxi
🚖	oncoming_taxi	oncoming_taxi	oncoming_taxi oncoming taxi
🚗	car	car,red_car	car red_car automobile
🚘	oncoming_automobile	oncoming_automobile	oncoming_automobile oncoming automobile
🚙	blue_car	blue_car	blue_car sport utility vehicle
🛻	pickup_truck	pickup_truck	pickup_truck pickup truck
🚚	truck	truck	truck delivery truck
🚛	articulated_lorry	articulated_lorry	articulated_lorry articulated lorry
🚜	tractor	tractor	tractor tractor
🏎️	racing_car	racing_car	racing_car racing car
🏍️	motorcycle	motorcycle	motorcycle motorcycle
🛵	motor_scooter	motor_scooter	motor_scooter motor scooter
🦽	manual_wheelchair	manual_wheelchair	manual_wheelchair manual wheelchair
🦼	motorized_wheelchair	motorized_wheelchair	motorized_wheelchair motorized wheelchair
🛺	auto_rickshaw	auto_rickshaw	auto_rickshaw auto rickshaw
🚲	bike	bike	bike bicycle bicycle
🛴	kick_scooter	kick_scooter	kick_scooter kick scooter
🛹	skateboard	skateboard	skateboard skateboard
🛼	roller_skate	roller_skate	roller_skate roller skate
🚏	busstop	busstop	busstop bus stop
🛣️	motorway	motorway	motorway motorway
🛤️	railway_track	railway_track	railway_track railway track
🛢️	oil_drum	oil_drum	oil_drum oil drum
⛽	fuelpump	fuelpump	fuelpump fuel pump
🛞	wheel	wheel	wheel wheel
🚨	rotating_light	rotating_light	rotating_light police car light 911 emergency
🚥	traffic_light	traffic_light	traffic_light horizontal traffic light
🚦	vertical_traffic_light	vertical_traffic_light	vertical_traffic_light vertical traffic light semaphore
🛑	stop_sign	stop_sign	stop_sign stop sign
🚧	construction	construction	construction construction wip
⚓	anchor	anchor	anchor anchor ship
🛟	ring_buoy	ring_buoy	ring_buoy ring buoy life preserver
⛵	boat	boat,sailboat	boat sailboat sailboat
🛶	canoe	canoe	canoe canoe
🚤	speedboat	speedboat	speedboat speedboat ship
🛳️	passenger_ship	passenger_ship	passenger_ship passenger ship cruise
⛴️	ferry	ferry	ferry ferry
🛥️	motor_boat	motor_boat	motor_boat motor boat
🚢	ship	ship	ship ship
✈️	airplane	airplane	airplane airplane flight
🛩️	small_airplane	small_airplane	small_airplane small airplane flight
🛫	flight_departure	flight_departure	flight_departure airplane departure
🛬	flight_arrival	flight_arrival	flight_arrival airplane arrival
🪂	parachute	parachute	parachute parachute
💺	seat	seat	seat seat
🚁	helicopter	helicopter	helicopter helicopter
🚟	suspension_railway	suspension_railway	suspension_railway suspension railway
🚠	mountain_cableway	mountain_cableway	mountain_cableway mountain cableway
🚡	aerial_tramway	aerial_tramway	aerial_tramway aerial tramway
🛰️	artificial_satellite	artificial_satellite	artificial_satellite satellite orbit space
🚀	rocket	rocket	rocket rocket ship launch
🛸	flying_saucer	flying_saucer	flying_saucer flying saucer ufo
🛎️	bellhop_bell	bellhop_bell	bellhop_bell bellhop bell
🧳	luggage	luggage	luggage luggage
⌛	hourglass	hourglass	hourglass hourglass done time
⏳	hourglass_flowing_sand	hourglass_flowing_sand	hourglass_flowing_sand hourglass not done time
⌚	watch	watch	watch watch time
⏰	alarm_clock	alarm_clock	alarm_clock alarm clock morning
⏱️	stopwatch	stopwatch	stopwatch stopwatch
⏲️	timer_clock	timer_clock	timer_clock timer clock
🕰️	mantelpiece_clock	mantelpiece_clock	mantelpiece_clock mantelpiece clock
🕛	clock12	clock12	clock12 twelve o’clock
🕧	clock1230	clock1230	clock1230 twelve-thirty
🕐	clock1	clock1	clock1 one o’clock
🕜	clock130	clock130	clock130 one-thirty
🕑	clock2	clock2	clock2 two o’clock
🕝	clock230	clock230	clock230 two-thirty
🕒	clock3	clock3	clock3 three o’clock
🕞	clock330	clock330	clock330 three-thirty
🕓	clock4	clock4	clock4 four o’clock
🕟	clock430	clock430	clock430 four-thirty
🕔	clock5	clock5	clock5 five o’clock
🕠	clock530	clock530	clock530 five-thirty
🕕	clock6	clock6	clock6 six o’clock
🕡	clock630	clock630	clock630 six-thirty
🕖	clock7	clock7	clock7 seven o’clock
🕢	clock730	clock730	clock730 seven-thirty
🕗	clock8	clock8	clock8 eight o’clock
🕣	clock830	clock830	clock830 eight-thirty
🕘	clock9	clock9	clock9 nine o’clock
🕤	clock930	clock930	clock930 nine-thirty
🕙	clock10	clock10	clock10 ten o’clock
🕥	clock1030	clock1030	clock1030 ten-thirty
🕚	clock11	clock11	clock11 eleven o’clock
🕦	clock1130	clock1130	clock1130 eleven-thirty
🌑	new_moon	new_moon	new_moon new moon
🌒	waxing_crescent_moon	waxing_crescent_moon	waxing_crescent_moon waxing crescent moon
🌓	first_quarter_moon	first_quarter_moon	first_quarter_moon first quarter moon
🌔	moon	moon,waxing_gibbous_moon	moon waxing_gibbous_moon waxing gibbous moon
🌕	full_moon	full_moon	full_moon full moon
🌖	waning_gibbous_moon	waning_gibbous_moon	waning_gibbous_moon waning gibbous moon
🌗	last_quarter_moon	last_quarter_moon	last_quarter_moon last quarter moon
🌘	waning_crescent_moon	waning_crescent_moon	waning_crescent_moon waning crescent moon
🌙	crescent_moon	crescent_moon	crescent_moon crescent moon night
🌚	new_moon_with_face	new_moon_with_face	new_moon_with_face new moon face
🌛	first_quarter_moon_with_face	first_quarter_moon_with_face	first_quarter_moon_with_face first quarter moon face
🌜	last_quarter_moon_with_face	last_quarter_moon_with_face	last_quarter_moon_with_face last quarter moon face
🌡️	thermometer	thermometer	thermometer thermometer
☀️	sunny	sunny	sunny sun weather
🌝	full_moon_with_face	full_moon_with_face	full_moon_with_face full moon face
🌞	sun_with_face	sun_with_face	sun_with_face sun with face summer
🪐	ringed_planet	ringed_planet	ringed_planet ringed planet
⭐	star	star	star star
🌟	star2	star2	star2 glowing star
🌠	stars	stars	stars shooting star
🌌	milky_way	milky_way	milky_way milky way
☁️	cloud	cloud	cloud cloud
⛅	partly_sunny	partly_sunny	partly_sunny sun behind cloud weather cloud
⛈️	cloud_with_lightning_and_rain	cloud_with_lightning_and_rain	cloud_with_lightning_and_rain cloud with lightning and rain
🌤️	sun_behind_small_cloud	sun_behind_small_cloud	sun_behind_small_cloud sun behind small cloud
🌥️	sun_behind_large_cloud	sun_behind_large_cloud	sun_behind_large_cloud sun behind large cloud
🌦️	sun_behind_rain_cloud	sun_behind_rain_cloud	sun_behind_rain_cloud sun behind rain cloud
🌧️	cloud_with_rain	cloud_with_rain	cloud_with_rain cloud with rain
🌨️	cloud_with_snow	cloud_with_snow	cloud_with_snow cloud with snow
🌩️	cloud_with_lightning	cloud_with_lightning	cloud_with_lightning cloud with lightning
🌪️	tornado	tornado	tornado tornado
🌫️	fog	fog	fog fog
🌬️	wind_face	wind_face	wind_face wind face
🌀	cyclone	cyclone	cyclone cyclone swirl
🌈	rainbow	rainbow	rainbow rainbow
🌂	closed_umbrella	closed_umbrella	closed_umbrella closed umbrella weather rain
☂️	open_umbrella	open_umbrella	open_umbrella umbrella
☔	umbrella	umbrella	umbrella umbrella with rain drops rain weather
⛱️	parasol_on_ground	parasol_on_ground	parasol_on_ground umbrella on ground beach_umbrella
⚡	zap	zap	zap high voltage lightning thunder
❄️	snowflake	snowflake	snowflake snowflake winter cold weather
☃️	snowman_with_snow	snowman_with_snow	snowman_with_snow snowman winter christmas
⛄	snowman	snowman	snowman snowman without snow winter
☄️	comet	comet	comet comet
🔥	fire	fire	fire fire burn
💧	droplet	droplet	droplet droplet water
🌊	ocean	ocean	ocean water wave sea
🎃	jack_o_lantern	jack_o_lantern	jack_o_lantern jack-o-lantern halloween
🎄	christmas_tree	christmas_tree	christmas_tree Christmas tree
🎆	fireworks	fireworks	fireworks fireworks festival celebration
🎇	sparkler	sparkler	sparkler sparkler
🧨	firecracker	firecracker	firecracker firecracker
✨	sparkles	sparkles	sparkles sparkles shiny
🎈	balloon	balloon	balloon balloon party birthday
🎉	tada	tada	tada party popper hooray party
🎊	confetti_ball	confetti_ball	confetti_ball confetti ball
🎋	tanabata_tree	tanabata_tree	tanabata_tree tanabata tree
🎍	bamboo	bamboo	bamboo pine decoration
🎎	dolls	dolls	dolls Japanese dolls
🎏	flags	flags	flags carp streamer
🎐	wind_chime	wind_chime	wind_chime wind chime
🎑	rice_scene	rice_scene	rice_scene moon viewing ceremony
🧧	red_envelope	red_envelope	red_envelope red envelope
🎀	ribbon	ribbon	ribbon ribbon
🎁	gift	gift	gift wrapped gift present birthday christmas
🎗️	reminder_ribbon	reminder_ribbon	reminder_ribbon reminder ribbon
🎟️	tickets	tickets	tickets admission tickets
🎫	ticket	ticket	ticket ticket
🎖️	medal_military	medal_military	medal_military military medal
🏆	trophy	trophy	trophy trophy award contest winner
🏅	medal_sports	medal_sports	medal_sports sports medal gold winner
🥇	1st_place_medal	1st_place_medal	1st_place_medal 1st place medal gold
🥈	2nd_place_medal	2nd_place_medal	2nd_place_medal 2nd place medal silver
🥉	3rd_place_medal	3rd_place_medal	3rd_place_medal 3rd place medal bronze
⚽	soccer	soccer	soccer soccer ball sports
⚾	baseball	baseball	baseball baseball sports
🥎	softball	softball	softball softball
🏀	basketball	basketball	basketball basketball sports
🏐	volleyball	volleyball	volleyball volleyball
🏈	football	football	football american football sports
🏉	rugby_football	rugby_football	rugby_football rugby football
🎾	tennis	tennis	tennis tennis sports
🥏	flying_disc	flying_disc	flying_disc flying disc
🎳	bowling	bowling	bowling bowling
🏏	cricket_game	cricket_game	cricket_game cricket game
🏑	field_hockey	field_hockey	field_hockey field hockey
🏒	ice_hockey	ice_hockey	ice_hockey ice hockey
🥍	lacrosse	lacrosse	lacrosse lacrosse
🏓	ping_pong	ping_pong	ping_pong ping pong
🏸	badminton	badminton	badminton badminton
🥊	boxing_glove	boxing_glove	boxing_glove boxing glove
🥋	martial_arts_uniform	martial_arts_uniform	martial_arts_uniform martial arts uniform
🥅	goal_net	goal_net	goal_net goal net
⛳	golf	golf	golf flag in hole
⛸️	ice_skate	ice_skate	ice_skate ice skate skating
🎣	fishing_pole_and_fish	fishing_pole_and_fish	fishing_pole_and_fish fishing pole
🤿	diving_mask	diving_mask	diving_mask diving mask
🎽	running_shirt_with_sash	running_shirt_with_sash	running_shirt_with_sash running shirt marathon
🎿	ski	ski	ski skis
🛷	sled	sled	sled sled
🥌	curling_stone	curling_stone	curling_stone curling stone
🎯	dart	dart	dart bullseye target
🪀	yo_yo	yo_yo	yo_yo yo-yo
🪁	kite	kite	kite kite
🔫	gun	gun	gun water pistol shoot weapon
🎱	8ball	8ball	8ball pool 8 ball pool billiards
🔮	crystal_ball	crystal_ball	crystal_ball crystal ball fortune
🪄	magic_wand	magic_wand	magic_wand magic wand
🎮	video_game	video_game	video_game video game play controller console
🕹️	joystick	joystick	joystick joystick
🎰	slot_machine	slot_machine	slot_machine slot machine
🎲	game_die	game_die	game_die game die dice gambling
🧩	jigsaw	jigsaw	jigsaw puzzle piece
🧸	teddy_bear	teddy_bear	teddy_bear teddy bear
🪅	pinata	pinata	pinata piñata
🪩	mirror_ball	mirror_ball	mirror_ball mirror ball disco party
🪆	nesting_dolls	nesting_dolls	nesting_dolls nesting dolls
♠️	spades	spades	spades spade suit
♥️	hearts	hearts	hearts heart suit
♦️	diamonds	diamonds	diamonds diamond suit
♣️	clubs	clubs	clubs club suit
♟️	chess_pawn	chess_pawn	chess_pawn chess pawn
🃏	black_joker	black_joker	black_joker joker
🀄	mahjong	mahjong	mahjong mahjong red dragon
🎴	flower_playing_cards	flower_playing_cards	flower_playing_cards flower playing cards
🎭	performing_arts	performing_arts	performing_arts performing arts theater drama
🖼️	framed_picture	framed_picture	framed_picture framed picture
🎨	art	art	art artist palette design paint
🧵	thread	thread	thread thread
🪡	sewing_needle	sewing_needle	sewing_needle sewing needle
🧶	yarn	yarn	yarn yarn
🪢	knot	knot	knot knot
👓	eyeglasses	eyeglasses	eyeglasses glasses glasses
🕶️	dark_sunglasses	dark_sunglasses	dark_sunglasses sunglasses
🥽	goggles	goggles	goggles goggles
🥼	lab_coat	lab_coat	lab_coat lab coat
🦺	safety_vest	safety_vest	safety_vest safety vest
👔	necktie	necktie	necktie necktie shirt formal
👕	shirt	shirt,tshirt	shirt tshirt t-shirt
👖	jeans	jeans	jeans jeans pants
🧣	scarf	scarf	scarf scarf
🧤	gloves	gloves	gloves gloves
🧥	coat	coat	coat coat
🧦	socks	socks	socks socks
👗	dress	dress	dress dress
👘	kimono	kimono	kimono kimono
🥻	sari	sari	sari sari
🩱	one_piece_swimsuit	one_piece_swimsuit	one_piece_swimsuit one-piece swimsuit
🩲	swim_brief	swim_brief	swim_brief briefs
🩳	shorts	shorts	shorts shorts
👙	bikini	bikini	bikini bikini beach
👚	womans_clothes	womans_clothes	womans_clothes woman’s clothes
🪭	folding_hand_fan	folding_hand_fan	folding_hand_fan folding hand fan sensu
👛	purse	purse	purse purse
👜	handbag	handbag	handbag handbag bag
👝	pouch	pouch	pouch clutch bag bag
🛍️	shopping	shopping	shopping shopping bags bags
🎒	school_satchel	school_satchel	school_satchel backpack
🩴	thong_sandal	thong_sandal	thong_sandal thong sandal
👞	mans_shoe	mans_shoe,shoe	mans_shoe shoe man’s shoe
👟	athletic_shoe	athletic_shoe	athletic_shoe running shoe sneaker sport running
🥾	hiking_boot	hiking_boot	hiking_boot hiking boot
🥿	flat_shoe	flat_shoe	flat_shoe flat shoe
👠	high_heel	high_heel	high_heel high-heeled shoe shoe
👡	sandal	sandal	sandal woman’s sandal shoe
🩰	ballet_shoes	ballet_shoes	ballet_shoes ballet shoes
👢	boot	boot	boot woman’s boot
🪮	hair_pick	hair_pick	hair_pick hair pick
👑	crown	crown	crown crown king queen royal
👒	womans_hat	womans_hat	womans_hat woman’s hat
🎩	tophat	tophat	tophat top hat hat classy
🎓	mortar_board	mortar_board	mortar_board graduation cap education college university graduation
🧢	billed_cap	billed_cap	billed_cap billed cap
🪖	military_helmet	military_helmet	military_helmet military helmet
⛑️	rescue_worker_helmet	rescue_worker_helmet	rescue_worker_helmet rescue worker’s helmet
📿	prayer_beads	prayer_beads	prayer_beads prayer beads
💄	lipstick	lipstick	lipstick lipstick makeup
💍	ring	ring	ring ring wedding marriage engaged
💎	gem	gem	gem gem stone diamond
🔇	mute	mute	mute muted speaker sound volume
🔈	speaker	speaker	speaker speaker low volume
🔉	sound	sound	sound speaker medium volume volume
🔊	loud_sound	loud_sound	loud_sound speaker high volume volume
📢	loudspeaker	loudspeaker	loudspeaker loudspeaker announcement
📣	mega	mega	mega megaphone
📯	postal_horn	postal_horn	postal_horn postal horn
🔔	bell	bell	bell bell sound notification
🔕	no_bell	no_bell	no_bell bell with slash volume off
🎼	musical_score	musical_score	musical_score musical score
🎵	musical_note	musical_note	musical_note musical note
🎶	notes	notes	notes musical notes music
🎙️	studio_microphone	studio_microphone	studio_microphone studio microphone podcast
🎚️	level_slider	level_slider	level_slider level slider
🎛️	control_knobs	control_knobs	control_knobs control knobs
🎤	microphone	microphone	microphone microphone sing
🎧	headphones	headphones	headphones headphone music earphones
📻	radio	radio	radio radio podcast
🎷	saxophone	saxophone	saxophone saxophone
🪗	accordion	accordion	accordion accordion
🎸	guitar	guitar	guitar guitar rock
🎹	musical_keyboard	musical_keyboard	musical_keyboard musical keyboard piano
🎺	trumpet	trumpet	trumpet trumpet
🎻	violin	violin	violin violin
🪕	banjo	banjo	banjo banjo
🥁	drum	drum	drum drum
🪘	long_drum	long_drum	long_drum long drum
🪇	maracas	maracas	maracas maracas shaker
🪈	flute	flute	flute flute recorder
📱	iphone	iphone	iphone mobile phone smartphone mobile
📲	calling	calling	calling mobile phone with arrow call incoming
☎️	phone	phone,telephone	phone telephone telephone
📞	telephone_receiver	telephone_receiver	telephone_receiver telephone receiver phone call
📟	pager	pager	pager pager
📠	fax	fax	fax fax machine
🔋	battery	battery	battery battery power
🪫	low_battery	low_battery	low_battery low battery
🔌	electric_plug	electric_plug	electric_plug electric plug
💻	computer	computer	computer laptop desktop screen
🖥️	desktop_computer	desktop_computer	desktop_computer desktop computer
🖨️	printer	printer	printer printer
⌨️	keyboard	keyboard	keyboard keyboard
🖱️	computer_mouse	computer_mouse	computer_mouse computer mouse
🖲️	trackball	trackball	trackball trackball
💽	minidisc	minidisc	minidisc computer disk
💾	floppy_disk	floppy_disk	floppy_disk floppy disk save
💿	cd	cd	cd optical disk
📀	dvd	dvd	dvd dvd
🧮	abacus	abacus	abacus abacus
🎥	movie_camera	movie_camera	movie_camera movie camera film video
🎞️	film_strip	film_strip	film_strip film frames
📽️	film_projector	film_projector	film_projector film projector
🎬	clapper	clapper	clapper clapper board film
📺	tv	tv	tv television
📷	camera	camera	camera camera photo
📸	camera_flash	camera_flash	camera_flash camera with flash photo
📹	video_camera	video_camera	video_camera video camera
📼	vhs	vhs	vhs videocassette
🔍	mag	mag	mag magnifying glass tilted left search zoom
🔎	mag_right	mag_right	mag_right magnifying glass tilted right
🕯️	candle	candle	candle candle
💡	bulb	bulb	bulb light bulb idea light
🔦	flashlight	flashlight	flashlight flashlight
🏮	izakaya_lantern	izakaya_lantern,lantern	izakaya_lantern lantern red paper lantern
🪔	diya_lamp	diya_lamp	diya_lamp diya lamp
📔	notebook_with_decorative_cover	notebook_with_decorative_cover	notebook_with_decorative_cover notebook with decorative cover
📕	closed_book	closed_book	closed_book closed book
📖	book	book,open_book	book open_book open book
📗	green_book	green_book	green_book green book
📘	blue_book	blue_book	blue_book blue book
📙	orange_book	orange_book	orange_book orange book
📚	books	books	books books library
📓	notebook	notebook	notebook notebook
📒	ledger	ledger	ledger ledger
📃	page_with_curl	page_with_curl	page_with_curl page with curl
📜	scroll	scroll	scroll scroll document
📄	page_facing_up	page_facing_up	page_facing_up page facing up document
📰	newspaper	newspaper	newspaper newspaper press
🗞️	newspaper_roll	newspaper_roll	newspaper_roll rolled-up newspaper press
📑	bookmark_tabs	bookmark_tabs	bookmark_tabs bookmark tabs
🔖	bookmark	bookmark	bookmark bookmark
🏷️	label	label	label label tag
💰	moneybag	moneybag	moneybag money bag dollar cream
🪙	coin	coin	coin coin
💴	yen	yen	yen yen banknote
💵	dollar	dollar	dollar dollar banknote money
💶	euro	euro	euro euro banknote
💷	pound	pound	pound pound banknote
💸	money_with_wings	money_with_wings	money_with_wings money with wings dollar
💳	credit_card	credit_card	credit_card credit card subscription
🧾	receipt	receipt	receipt receipt
💹	chart	chart	chart chart increasing with yen
✉️	envelope	envelope	envelope envelope letter email
📧	email	email,e-mail	email e-mail e-mail
📨	incoming_envelope	incoming_envelope	incoming_envelope incoming envelope
📩	envelope_with_arrow	envelope_with_arrow	envelope_with_arrow envelope with arrow
📤	outbox_tray	outbox_tray	outbox_tray outbox tray
📥	inbox_tray	inbox_tray	inbox_tray inbox tray
📦	package	package	package package shipping
📫	mailbox	mailbox	mailbox closed mailbox with raised flag
📪	mailbox_closed	mailbox_closed	mailbox_closed closed mailbox with lowered flag
📬	mailbox_with_mail	mailbox_with_mail	mailbox_with_mail open mailbox with raised flag
📭	mailbox_with_no_mail	mailbox_with_no_mail	mailbox_with_no_mail open mailbox with lowered flag
📮	postbox	postbox	postbox postbox
🗳️	ballot_box	ballot_box	ballot_box ballot box with ballot
✏️	pencil2	pencil2	pencil2 pencil
✒️	black_nib	black_nib	black_nib black nib
🖋️	fountain_pen	fountain_pen	fountain_pen fountain pen
🖊️	pen	pen	pen pen
🖌️	paintbrush	paintbrush	paintbrush paintbrush
🖍️	crayon	crayon	crayon crayon
📝	memo	memo,pencil	memo pencil memo document note
💼	briefcase	briefcase	briefcase briefcase business
📁	file_folder	file_folder	file_folder file folder directory
📂	open_file_folder	open_file_folder	open_file_folder open file folder
🗂️	card_index_dividers	card_index_dividers	card_index_dividers card index dividers
📅	date	date	date calendar calendar schedule
📆	calendar	calendar	calendar tear-off calendar schedule
🗒️	spiral_notepad	spiral_notepad	spiral_notepad spiral notepad
🗓️	spiral_calendar	spiral_calendar	spiral_calendar spiral calendar
📇	card_index	card_index	card_index card index
📈	chart_with_upwards_trend	chart_with_upwards_trend	chart_with_upwards_trend chart increasing graph metrics
📉	chart_with_downwards_trend	chart_with_downwards_trend	chart_with_downwards_trend chart decreasing graph metrics
📊	bar_chart	bar_chart	bar_chart bar chart stats metrics
📋	clipboard	clipboard	clipboard clipboard
📌	pushpin	pushpin	pushpin pushpin location
📍	round_pushpin	round_pushpin	round_pushpin round pushpin location
📎	paperclip	paperclip	paperclip paperclip
🖇️	paperclips	paperclips	paperclips linked paperclips
📏	straight_ruler	straight_ruler	straight_ruler straight ruler
📐	triangular_ruler	triangular_ruler	triangular_ruler triangular ruler
✂️	scissors	scissors	scissors scissors cut
🗃️	card_file_box	card_file_box	card_file_box card file box
🗄️	file_cabinet	file_cabinet	file_cabinet file cabinet
🗑️	wastebasket	wastebasket	wastebasket wastebasket trash
🔒	lock	lock	lock locked security private
🔓	unlock	unlock	unlock unlocked security
🔏	lock_with_ink_pen	lock_with_ink_pen	lock_with_ink_pen locked with pen
🔐	closed_lock_with_key	closed_lock_with_key	closed_lock_with_key locked with key security
🔑	key	key	key key lock password
🗝️	old_key	old_key	old_key old key
🔨	hammer	hammer	hammer hammer tool
🪓	axe	axe	axe axe
⛏️	pick	pick	pick pick
⚒️	hammer_and_pick	hammer_and_pick	hammer_and_pick hammer and pick
🛠️	hammer_and_wrench	hammer_and_wrench	hammer_and_wrench hammer and wrench
🗡️	dagger	dagger	dagger dagger
⚔️	crossed_swords	crossed_swords	crossed_swords crossed swords
💣	bomb	bomb	bomb bomb boom
🪃	boomerang	boomerang	boomerang boomerang
🏹	bow_and_arrow	bow_and_arrow	bow_and_arrow bow and arrow archery
🛡️	shield	shield	shield shield
🪚	carpentry_saw	carpentry_saw	carpentry_saw carpentry saw
🔧	wrench	wrench	wrench wrench tool
🪛	screwdriver	screwdriver	screwdriver screwdriver
🔩	nut_and_bolt	nut_and_bolt	nut_and_bolt nut and bolt
⚙️	gear	gear	gear gear
🗜️	clamp	clamp	clamp clamp
⚖️	balance_scale	balance_scale	balance_scale balance scale
🦯	probing_cane	probing_cane	probing_cane white cane
🔗	link	link	link link
⛓️	chains	chains	chains chains
🪝	hook	hook	hook hook
🧰	toolbox	toolbox	toolbox toolbox
🧲	magnet	magnet	magnet magnet
🪜	ladder	ladder	ladder ladder
⚗️	alembic	alembic	alembic alembic
🧪	test_tube	test_tube	test_tube test tube
🧫	petri_dish	petri_dish	petri_dish petri dish
🧬	dna	dna	dna dna
🔬	microscope	microscope	microscope microscope science laboratory investigate
🔭	telescope	telescope	telescope telescope
📡	satellite	satellite	satellite satellite antenna signal
💉	syringe	syringe	syringe syringe health hospital needle
🩸	drop_of_blood	drop_of_blood	drop_of_blood drop of blood
💊	pill	pill	pill pill health medicine
🩹	adhesive_bandage	adhesive_bandage	adhesive_bandage adhesive bandage
🩼	crutch	crutch	crutch crutch
🩺	stethoscope	stethoscope	stethoscope stethoscope
🩻	x_ray	x_ray	x_ray x-ray
🚪	door	door	door door
🛗	elevator	elevator	elevator elevator
🪞	mirror	mirror	mirror mirror
🪟	window	window	window window
🛏️	bed	bed	bed bed
🛋️	couch_and_lamp	couch_and_lamp	couch_and_lamp couch and lamp
🪑	chair	chair	chair chair
🚽	toilet	toilet	toilet toilet wc
🪠	plunger	plunger	plunger plunger
🚿	shower	shower	shower shower bath
🛁	bathtub	bathtub	bathtub bathtub
🪤	mouse_trap	mouse_trap	mouse_trap mouse trap
🪒	razor	razor	razor razor
🧴	lotion_bottle	lotion_bottle	lotion_bottle lotion bottle
🧷	safety_pin	safety_pin	safety_pin safety pin
🧹	broom	broom	broom broom
🧺	basket	basket	basket basket
🧻	roll_of_paper	roll_of_paper	roll_of_paper roll of paper toilet
🪣	bucket	bucket	bucket bucket
🧼	soap	soap	soap soap
🫧	bubbles	bubbles	bubbles bubbles
🪥	toothbrush	toothbrush	toothbrush toothbrush
🧽	sponge	sponge	sponge sponge
🧯	fire_extinguisher	fire_extinguisher	fire_extinguisher fire extinguisher
🛒	shopping_cart	shopping_cart	shopping_cart shopping cart
🚬	smoking	smoking	smoking cigarette cigarette
⚰️	coffin	coffin	coffin coffin funeral
🪦	headstone	headstone	headstone headstone
⚱️	funeral_urn	funeral_urn	funeral_urn funeral urn
🧿	nazar_amulet	nazar_amulet	nazar_amulet nazar amulet
🪬	hamsa	hamsa	hamsa hamsa
🗿	moyai	moyai	moyai moai stone
🪧	placard	placard	placard placard
🪪	identification_card	identification_card	identification_card identification card
🏧	atm	atm	atm ATM sign
🚮	put_litter_in_its_place	put_litter_in_its_place	put_litter_in_its_place litter in bin sign
🚰	potable_water	potable_water	potable_water potable water
♿	wheelchair	wheelchair	wheelchair wheelchair symbol accessibility
🚹	mens	mens	mens men’s room
🚺	womens	womens	womens women’s room
🚻	restroom	restroom	restroom restroom toilet
🚼	baby_symbol	baby_symbol	baby_symbol baby symbol
🚾	wc	wc	wc water closet toilet restroom
🛂	passport_control	passport_control	passport_control passport control
🛃	customs	customs	customs customs
🛄	baggage_claim	baggage_claim	baggage_claim baggage claim airport
🛅	left_luggage	left_luggage	left_luggage left luggage
⚠️	warning	warning	warning warning wip
🚸	children_crossing	children_crossing	children_crossing children crossing
⛔	no_entry	no_entry	no_entry no entry limit
🚫	no_entry_sign	no_entry_sign	no_entry_sign prohibited block forbidden
🚳	no_bicycles	no_bicycles	no_bicycles no bicycles
🚭	no_smoking	no_smoking	no_smoking no smoking
🚯	do_not_litter	do_not_litter	do_not_litter no littering
🚱	non-potable_water	non-potable_water	non-potable_water non-potable water
🚷	no_pedestrians	no_pedestrians	no_pedestrians no pedestrians
📵	no_mobile_phones	no_mobile_phones	no_mobile_phones no mobile phones
🔞	underage	underage	underage no one under eighteen
☢️	radioactive	radioactive	radioactive radioactive
☣️	biohazard	biohazard	biohazard biohazard
⬆️	arrow_up	arrow_up	arrow_up up arrow
↗️	arrow_upper_right	arrow_upper_right	arrow_upper_right up-right arrow
➡️	arrow_right	arrow_right	arrow_right right arrow
↘️	arrow_lower_right	arrow_lower_right	arrow_lower_right down-right arrow
⬇️	arrow_down	arrow_down	arrow_down down arrow
↙️	arrow_lower_left	arrow_lower_left	arrow_lower_left down-left arrow
⬅️	arrow_left	arrow_left	arrow_left left arrow
↖️	arrow_upper_left	arrow_upper_left	arrow_upper_left up-left arrow
↕️	arrow_up_down	arrow_up_down	arrow_up_down up-down arrow
↔️	left_right_arrow	left_right_arrow	left_right_arrow left-right arrow
↩️	leftwards_arrow_with_hook	leftwards_arrow_with_hook	leftwards_arrow_with_hook right arrow curving left return
↪️	arrow_right_hook	arrow_right_hook	arrow_right_hook left arrow curving right
⤴️	arrow_heading_up	arrow_heading_up	arrow_heading_up right arrow curving up
⤵️	arrow_heading_down	arrow_heading_down	arrow_heading_down right arrow curving down
🔃	arrows_clockwise	arrows_clockwise	arrows_clockwise clockwise vertical arrows
🔄	arrows_counterclockwise	arrows_counterclockwise	arrows_counterclockwise counterclockwise arrows button sync
🔙	back	back	back BACK arrow
🔚	end	end	end END arrow
🔛	on	on	on ON! arrow
🔜	soon	soon	soon SOON arrow
🔝	top	top	top TOP arrow
🛐	place_of_worship	place_of_worship	place_of_worship place of worship
⚛️	atom_symbol	atom_symbol	atom_symbol atom symbol
🕉️	om	om	om om
✡️	star_of_david	star_of_david	star_of_david star of David
☸️	wheel_of_dharma	wheel_of_dharma	wheel_of_dharma wheel of dharma
☯️	yin_yang	yin_yang	yin_yang yin yang
✝️	latin_cross	latin_cross	latin_cross latin cross
☦️	orthodox_cross	orthodox_cross	orthodox_cross orthodox cross
☪️	star_and_crescent	star_and_crescent	star_and_crescent star and crescent
☮️	peace_symbol	peace_symbol	peace_symbol peace symbol
🕎	menorah	menorah	menorah menorah
🔯	six_pointed_star	six_pointed_star	six_pointed_star dotted six-pointed star
🪯	khanda	khanda	khanda khanda
♈	aries	aries	aries Aries
♉	taurus	taurus	taurus Taurus
♊	gemini	gemini	gemini Gemini
♋	cancer	cancer	cancer Cancer
♌	leo	leo	leo Leo
♍	virgo	virgo	virgo Virgo
♎	libra	libra	libra Libra
♏	scorpius	scorpius	scorpius Scorpio
♐	sagittarius	sagittarius	sagittarius Sagittarius
♑	capricorn	capricorn	capricorn Capricorn
♒	aquarius	aquarius	aquarius Aquarius
♓	pisces	pisces	pisces Pisces
⛎	ophiuchus	ophiuchus	ophiuchus Ophiuchus
🔀	twisted_rightwards_arrows	twisted_rightwards_arrows	twisted_rightwards_arrows shuffle tracks button shuffle
🔁	repeat	repeat	repeat repeat button loop
🔂	repeat_one	repeat_one	repeat_one repeat single button
▶️	arrow_forward	arrow_forward	arrow_forward play button
⏩	fast_forward	fast_forward	fast_forward fast-forward button
⏭️	next_track_button	next_track_button	next_track_button next track button
⏯️	play_or_pause_button	play_or_pause_button	play_or_pause_button play or pause button
◀️	arrow_backward	arrow_backward	arrow_backward reverse button
⏪	rewind	rewind	rewind fast reverse button
⏮️	previous_track_button	previous_track_button	previous_track_button last track button
🔼	arrow_up_small	arrow_up_small	arrow_up_small upwards button
⏫	arrow_double_up	arrow_double_up	arrow_double_up fast up button
🔽	arrow_down_small	arrow_down_small	arrow_down_small downwards button
⏬	arrow_double_down	arrow_double_down	arrow_double_down fast down button
⏸️	pause_button	pause_button	pause_button pause button
⏹️	stop_button	stop_button	stop_button stop button
⏺️	record_button	record_button	record_button record button
⏏️	eject_button	eject_button	eject_button eject button
🎦	cinema	cinema	cinema cinema film movie
🔅	low_brightness	low_brightness	low_brightness dim button
🔆	high_brightness	high_brightness	high_brightness bright button
📶	signal_strength	signal_strength	signal_strength antenna bars wifi
🛜	wireless	wireless	wireless wireless wifi
📳	vibration_mode	vibration_mode	vibration_mode vibration mode
📴	mobile_phone_off	mobile_phone_off	mobile_phone_off mobile phone off mute off
♀️	female_sign	female_sign	female_sign female sign
♂️	male_sign	male_sign	male_sign male sign
⚧️	transgender_symbol	transgender_symbol	transgender_symbol transgender symbol
✖️	heavy_multiplication_x	heavy_multiplication_x	heavy_multiplication_x multiply
➕	heavy_plus_sign	heavy_plus_sign	heavy_plus_sign plus
➖	heavy_minus_sign	heavy_minus_sign	heavy_minus_sign minus
➗	heavy_division_sign	heavy_division_sign	heavy_division_sign divide
🟰	heavy_equals_sign	heavy_equals_sign	heavy_equals_sign heavy equals sign
♾️	infinity	infinity	infinity infinity
‼️	bangbang	bangbang	bangbang double exclamation mark
⁉️	interrobang	interrobang	interrobang exclamation question mark
❓	question	question	question red question mark confused
❔	grey_question	grey_question	grey_question white question mark
❕	grey_exclamation	grey_exclamation	grey_exclamation white exclamation mark
❗	exclamation	exclamation,heavy_exclamation_mark	exclamation heavy_exclamation_mark red exclamation mark bang
〰️	wavy_dash	wavy_dash	wavy_dash wavy dash
💱	currency_exchange	currency_exchange	currency_exchange currency exchange
💲	heavy_dollar_sign	heavy_dollar_sign	heavy_dollar_sign heavy dollar sign
⚕️	medical_symbol	medical_symbol	medical_symbol medical symbol
♻️	recycle	recycle	recycle recycling symbol environment green
⚜️	fleur_de_lis	fleur_de_lis	fleur_de_lis fleur-de-lis
🔱	trident	trident	trident trident emblem
📛	name_badge	name_badge	name_badge name badge
🔰	beginner	beginner	beginner Japanese symbol for beginner
⭕	o	o	o hollow red circle
✅	white_check_mark	white_check_mark	white_check_mark check mark button
☑️	ballot_box_with_check	ballot_box_with_check	ballot_box_with_check check box with check
✔️	heavy_check_mark	heavy_check_mark	heavy_check_mark check mark
❌	x	x	x cross mark
❎	negative_squared_cross_mark	negative_squared_cross_mark	negative_squared_cross_mark cross mark button
➰	curly_loop	curly_loop	curly_loop curly loop
➿	loop	loop	loop double curly loop
〽️	part_alternation_mark	part_alternation_mark	part_alternation_mark part alternation mark
✳️	eight_spoked_asterisk	eight_spoked_asterisk	eight_spoked_asterisk eight-spoked asterisk
✴️	eight_pointed_black_star	eight_pointed_black_star	eight_pointed_black_star eight-pointed star
❇️	sparkle	sparkle	sparkle sparkle
©️	copyright	copyright	copyright copyright
®️	registered	registered	registered registered
™️	tm	tm	tm trade mark trademark
#️⃣	hash	hash	hash keycap: # number
*️⃣	asterisk	asterisk	asterisk keycap: *
0️⃣	zero	zero	zero keycap: 0
1️⃣	one	one	one keycap: 1
2️⃣	two	two	two keycap: 2
3️⃣	three	three	three keycap: 3
4️⃣	four	four	four keycap: 4
5️⃣	five	five	five keycap: 5
6️⃣	six	six	six keycap: 6
7️⃣	seven	seven	seven keycap: 7
8️⃣	eight	eight	eight keycap: 8
9️⃣	nine	nine	nine keycap: 9
🔟	keycap_ten	keycap_ten	keycap_ten keycap: 10
🔠	capital_abcd	capital_abcd	capital_abcd input latin uppercase letters
🔡	abcd	abcd	abcd input latin lowercase
🔢	1234	1234	1234 input numbers numbers
🔣	symbols	symbols	symbols input symbols
🔤	abc	abc	abc input latin letters alphabet
🅰️	a	a	a A button (blood type)
🆎	ab	ab	ab AB button (blood type)
🅱️	b	b	b B button (blood type)
🆑	cl	cl	cl CL button
🆒	cool	cool	cool COOL button
🆓	free	free	free FREE button
ℹ️	information_source	information_source	information_source information
🆔	id	id	id ID button
Ⓜ️	m	m	m circled M
🆕	new	new	new NEW button fresh
🆖	ng	ng	ng NG button
🅾️	o2	o2	o2 O button (blood type)
🆗	ok	ok	ok OK button yes
🅿️	parking	parking	parking P button
🆘	sos	sos	sos SOS button help emergency
🆙	up	up	up UP! button
🆚	vs	vs	vs VS button
🈁	koko	koko	koko Japanese “here” button
🈂️	sa	sa	sa Japanese “service charge” button
🈷️	u6708	u6708	u6708 Japanese “monthly amount” button
🈶	u6709	u6709	u6709 Japanese “not free of charge” button
🈯	u6307	u6307	u6307 Japanese “reserved” button
🉐	ideograph_advantage	ideograph_advantage	ideograph_advantage Japanese “bargain” button
🈹	u5272	u5272	u5272 Japanese “discount” button
🈚	u7121	u7121	u7121 Japanese “free of charge” button
🈲	u7981	u7981	u7981 Japanese “prohibited” button
🉑	accept	accept	accept Japanese “acceptable” button
🈸	u7533	u7533	u7533 Japanese “application” button
🈴	u5408	u5408	u5408 Japanese “passing grade” button
🈳	u7a7a	u7a7a	u7a7a Japanese “vacancy” button
㊗️	congratulations	congratulations	congratulations Japanese “congratulations” button
㊙️	secret	secret	secret Japanese “secret” button
🈺	u55b6	u55b6	u55b6 Japanese “open for business” button
🈵	u6e80	u6e80	u6e80 Japanese “no vacancy” button
🔴	red_circle	red_circle	red_circle red circle
🟠	orange_circle	orange_circle	orange_circle orange circle
🟡	yellow_circle	yellow_circle	yellow_circle yellow circle
🟢	green_circle	green_circle	green_circle green circle
🔵	large_blue_circle	large_blue_circle	large_blue_circle blue circle
🟣	purple_circle	purple_circle	purple_circle purple circle
🟤	brown_circle	brown_circle	brown_circle brown circle
⚫	black_circle	black_circle	black_circle black circle
⚪	white_circle	white_circle	white_circle white circle
🟥	red_square	red_square	red_square red square
🟧	orange_square	orange_square	orange_square orange square
🟨	yellow_square	yellow_square	yellow_square yellow square
🟩	green_square	green_square	green_square green square
🟦	blue_square	blue_square	blue_square blue square
🟪	purple_square	purple_square	purple_square purple square
🟫	brown_square	brown_square	brown_square brown square
⬛	black_large_square	black_large_square	black_large_square black large square
⬜	white_large_square	white_large_square	white_large_square white large square
◼️	black_medium_square	black_medium_square	black_medium_square black medium square
◻️	white_medium_square	white_medium_square	white_medium_square white medium square
◾	black_medium_small_square	black_medium_small_square	black_medium_small_square black medium-small square
◽	white_medium_small_square	white_medium_small_square	white_medium_small_square white medium-small square
▪️	black_small_square	black_small_square	black_small_square black small square
▫️	white_small_square	white_small_square	white_small_square white small square
🔶	large_orange_diamond	large_orange_diamond	large_orange_diamond large orange diamond
🔷	large_blue_diamond	large_blue_diamond	large_blue_diamond large blue diamond
🔸	small_orange_diamond	small_orange_diamond	small_orange_diamond small orange diamond
🔹	small_blue_diamond	small_blue_diamond	small_blue_diamond small blue diamond
🔺	small_red_triangle	small_red_triangle	small_red_triangle red triangle pointed up
🔻	small_red_triangle_down	small_red_triangle_down	small_red_triangle_down red triangle pointed down
💠	diamond_shape_with_a_dot_inside	diamond_shape_with_a_dot_inside	diamond_shape_with_a_dot_inside diamond with a dot
🔘	radio_button	radio_button	radio_button radio button
🔳	white_square_button	white_square_button	white_square_button white square button
🔲	black_square_button	black_square_button	black_square_button black square button
🏁	checkered_flag	checkered_flag	checkered_flag chequered flag milestone finish
🚩	triangular_flag_on_post	triangular_flag_on_post	triangular_flag_on_post triangular flag
🎌	crossed_flags	crossed_flags	crossed_flags crossed flags
🏴	black_flag	black_flag	black_flag black flag
🏳️	white_flag	white_flag	white_flag white flag
🏳️‍🌈	rainbow_flag	rainbow_flag	rainbow_flag rainbow flag pride
🏳️‍⚧️	transgender_flag	transgender_flag	transgender_flag transgender flag
🏴‍☠️	pirate_flag	pirate_flag	pirate_flag pirate flag
🇦🇨	ascension_island	ascension_island	ascension_island flag: Ascension Island
🇦🇩	andorra	andorra	andorra flag: Andorra
🇦🇪	united_arab_emirates	united_arab_emirates	united_arab_emirates flag: United Arab Emirates
🇦🇫	afghanistan	afghanistan	afghanistan flag: Afghanistan
🇦🇬	antigua_barbuda	antigua_barbuda	antigua_barbuda flag: Antigua & Barbuda
🇦🇮	anguilla	anguilla	anguilla flag: Anguilla
🇦🇱	albania	albania	albania flag: Albania
🇦🇲	armenia	armenia	armenia flag: Armenia
🇦🇴	angola	angola	angola flag: Angola
🇦🇶	antarctica	antarctica	antarctica flag: Antarctica
🇦🇷	argentina	argentina	argentina flag: Argentina
🇦🇸	american_samoa	american_samoa	american_samoa flag: American Samoa
🇦🇹	austria	austria	austria flag: Austria
🇦🇺	australia	australia	australia flag: Australia
🇦🇼	aruba	aruba	aruba flag: Aruba
🇦🇽	aland_islands	aland_islands	aland_islands flag: Åland Islands
🇦🇿	azerbaijan	azerbaijan	azerbaijan flag: Azerbaijan
🇧🇦	bosnia_herzegovina	bosnia_herzegovina	bosnia_herzegovina flag: Bosnia & Herzegovina
🇧🇧	barbados	barbados	barbados flag: Barbados
🇧🇩	bangladesh	bangladesh	bangladesh flag: Bangladesh
🇧🇪	belgium	belgium	belgium flag: Belgium
🇧🇫	burkina_faso	burkina_faso	burkina_faso flag: Burkina Faso
🇧🇬	bulgaria	bulgaria	bulgaria flag: Bulgaria
🇧🇭	bahrain	bahrain	bahrain flag: Bahrain
🇧🇮	burundi	burundi	burundi flag: Burundi
🇧🇯	benin	benin	benin flag: Benin
🇧🇱	st_barthelemy	st_barthelemy	st_barthelemy flag: St. Barthélemy
🇧🇲	bermuda	bermuda	bermuda flag: Bermuda
🇧🇳	brunei	brunei	brunei flag: Brunei
🇧🇴	bolivia	bolivia	bolivia flag: Bolivia
🇧🇶	caribbean_netherlands	caribbean_netherlands	caribbean_netherlands flag: Caribbean Netherlands
🇧🇷	brazil	brazil	brazil flag: Brazil
🇧🇸	bahamas	bahamas	bahamas flag: Bahamas
🇧🇹	bhutan	bhutan	bhutan flag: Bhutan
🇧🇻	bouvet_island	bouvet_island	bouvet_island flag: Bouvet Island
🇧🇼	botswana	botswana	botswana flag: Botswana
🇧🇾	belarus	belarus	belarus flag: Belarus
🇧🇿	belize	belize	belize flag: Belize
🇨🇦	canada	canada	canada flag: Canada
🇨🇨	cocos_islands	cocos_islands	cocos_islands flag: Cocos (Keeling) Islands keeling
🇨🇩	congo_kinshasa	congo_kinshasa	congo_kinshasa flag: Congo - Kinshasa
🇨🇫	central_african_republic	central_african_republic	central_african_republic flag: Central African Republic
🇨🇬	congo_brazzaville	congo_brazzaville	congo_brazzaville flag: Congo - Brazzaville
🇨🇭	switzerland	switzerland	switzerland flag: Switzerland
🇨🇮	cote_divoire	cote_divoire	cote_divoire flag: Côte d’Ivoire ivory
🇨🇰	cook_islands	cook_islands	cook_islands flag: Cook Islands
🇨🇱	chile	chile	chile flag: Chile
🇨🇲	cameroon	cameroon	cameroon flag: Cameroon
🇨🇳	cn	cn	cn flag: China china
🇨🇴	colombia	colombia	colombia flag: Colombia
🇨🇵	clipperton_island	clipperton_island	clipperton_island flag: Clipperton Island
🇨🇷	costa_rica	costa_rica	costa_rica flag: Costa Rica
🇨🇺	cuba	cuba	cuba flag: Cuba
🇨🇻	cape_verde	cape_verde	cape_verde flag: Cape Verde
🇨🇼	curacao	curacao	curacao flag: Curaçao
🇨🇽	christmas_island	christmas_island	christmas_island flag: Christmas Island
🇨🇾	cyprus	cyprus	cyprus flag: Cyprus
🇨🇿	czech_republic	czech_republic	czech_republic flag: Czechia
🇩🇪	de	de	de flag: Germany flag germany
🇩🇬	diego_garcia	diego_garcia	diego_garcia flag: Diego Garcia
🇩🇯	djibouti	djibouti	djibouti flag: Djibouti
🇩🇰	denmark	denmark	denmark flag: Denmark
🇩🇲	dominica	dominica	dominica flag: Dominica
🇩🇴	dominican_republic	dominican_republic	dominican_republic flag: Dominican Republic
🇩🇿	algeria	algeria	algeria flag: Algeria
🇪🇦	ceuta_melilla	ceuta_melilla	ceuta_melilla flag: Ceuta & Melilla
🇪🇨	ecuador	ecuador	ecuador flag: Ecuador
🇪🇪	estonia	estonia	estonia flag: Estonia
🇪🇬	egypt	egypt	egypt flag: Egypt
🇪🇭	western_sahara	western_sahara	western_sahara flag: Western Sahara
🇪🇷	eritrea	eritrea	eritrea flag: Eritrea
🇪🇸	es	es	es flag: Spain spain
🇪🇹	ethiopia	ethiopia	ethiopia flag: Ethiopia
🇪🇺	eu	eu,european_union	eu european_union flag: European Union
🇫🇮	finland	finland	finland flag: Finland
🇫🇯	fiji	fiji	fiji flag: Fiji
🇫🇰	falkland_islands	falkland_islands	falkland_islands flag: Falkland Islands
🇫🇲	micronesia	micronesia	micronesia flag: Micronesia
🇫🇴	faroe_islands	faroe_islands	faroe_islands flag: Faroe Islands
🇫🇷	fr	fr	fr flag: France france french
🇬🇦	gabon	gabon	gabon flag: Gabon
🇬🇧	gb	gb,uk	gb uk flag: United Kingdom flag british
🇬🇩	grenada	grenada	grenada flag: Grenada
🇬🇪	georgia	georgia	georgia flag: Georgia
🇬🇫	french_guiana	french_guiana	french_guiana flag: French Guiana
🇬🇬	guernsey	guernsey	guernsey flag: Guernsey
🇬🇭	ghana	ghana	ghana flag: Ghana
🇬🇮	gibraltar	gibraltar	gibraltar flag: Gibraltar
🇬🇱	greenland	greenland	greenland flag: Greenland
🇬🇲	gambia	gambia	gambia flag: Gambia
🇬🇳	guinea	guinea	guinea flag: Guinea
🇬🇵	guadeloupe	guadeloupe	guadeloupe flag: Guadeloupe
🇬🇶	equatorial_guinea	equatorial_guinea	equatorial_guinea flag: Equatorial Guinea
🇬🇷	greece	greece	greece flag: Greece
🇬🇸	south_georgia_south_sandwich_islands	south_georgia_south_sandwich_islands	south_georgia_south_sandwich_islands flag: South Georgia & South Sandwich Islands
🇬🇹	guatemala	guatemala	guatemala flag: Guatemala
🇬🇺	guam	guam	guam flag: Guam
🇬🇼	guinea_bissau	guinea_bissau	guinea_bissau flag: Guinea-Bissau
🇬🇾	guyana	guyana	guyana flag: Guyana
🇭🇰	hong_kong	hong_kong	hong_kong flag: Hong Kong SAR China
🇭🇲	heard_mcdonald_islands	heard_mcdonald_islands	heard_mcdonald_islands flag: Heard & McDonald Islands
🇭🇳	honduras	honduras	honduras flag: Honduras
🇭🇷	croatia	croatia	croatia flag: Croatia
🇭🇹	haiti	haiti	haiti flag: Haiti
🇭🇺	hungary	hungary	hungary flag: Hungary
🇮🇨	canary_islands	canary_islands	canary_islands flag: Canary Islands
🇮🇩	indonesia	indonesia	indonesia flag: Indonesia
🇮🇪	ireland	ireland	ireland flag: Ireland
🇮🇱	israel	israel	israel flag: Israel
🇮🇲	isle_of_man	isle_of_man	isle_of_man flag: Isle of Man
🇮🇳	india	india	india flag: India
🇮🇴	british_indian_ocean_territory	british_indian_ocean_territory	british_indian_ocean_territory flag: British Indian Ocean Territory
🇮🇶	iraq	iraq	iraq flag: Iraq
🇮🇷	iran	iran	iran flag: Iran
🇮🇸	iceland	iceland	iceland flag: Iceland
🇮🇹	it	it	it flag: Italy italy
🇯🇪	jersey	jersey	jersey flag: Jersey
🇯🇲	jamaica	jamaica	jamaica flag: Jamaica
🇯🇴	jordan	jordan	jordan flag: Jordan
🇯🇵	jp	jp	jp flag: Japan japan
🇰🇪	kenya	kenya	kenya flag: Kenya
🇰🇬	kyrgyzstan	kyrgyzstan	kyrgyzstan flag: Kyrgyzstan
🇰🇭	cambodia	cambodia	cambodia flag: Cambodia
🇰🇮	kiribati	kiribati	kiribati flag: Kiribati
🇰🇲	comoros	comoros	comoros flag: Comoros
🇰🇳	st_kitts_nevis	st_kitts_nevis	st_kitts_nevis flag: St. Kitts & Nevis
🇰🇵	north_korea	north_korea	north_korea flag: North Korea
🇰🇷	kr	kr	kr flag: South Korea korea
🇰🇼	kuwait	kuwait	kuwait flag: Kuwait
🇰🇾	cayman_islands	cayman_islands	cayman_islands flag: Cayman Islands
🇰🇿	kazakhstan	kazakhstan	kazakhstan flag: Kazakhstan
🇱🇦	laos	laos	laos flag: Laos
🇱🇧	lebanon	lebanon	lebanon flag: Lebanon
🇱🇨	st_lucia	st_lucia	st_lucia flag: St. Lucia
🇱🇮	liechtenstein	liechtenstein	liechtenstein flag: Liechtenstein
🇱🇰	sri_lanka	sri_lanka	sri_lanka flag: Sri Lanka
🇱🇷	liberia	liberia	liberia flag: Liberia
🇱🇸	lesotho	lesotho	lesotho flag: Lesotho
🇱🇹	lithuania	lithuania	lithuania flag: Lithuania
🇱🇺	luxembourg	luxembourg	luxembourg flag: Luxembourg
🇱🇻	latvia	latvia	latvia flag: Latvia
🇱🇾	libya	libya	libya flag: Libya
🇲🇦	morocco	morocco	morocco flag: Morocco
🇲🇨	monaco	monaco	monaco flag: Monaco
🇲🇩	moldova	moldova	moldova flag: Moldova
🇲🇪	montenegro	montenegro	montenegro flag: Montenegro
🇲🇫	st_martin	st_martin	st_martin flag: St. Martin
🇲🇬	madagascar	madagascar	madagascar flag: Madagascar
🇲🇭	marshall_islands	marshall_islands	marshall_islands flag: Marshall Islands
🇲🇰	macedonia	macedonia	macedonia flag: North Macedonia
🇲🇱	mali	mali	mali flag: Mali
🇲🇲	myanmar	myanmar	myanmar flag: Myanmar (Burma) burma
🇲🇳	mongolia	mongolia	mongolia flag: Mongolia
🇲🇴	macau	macau	macau flag: Macao SAR China
🇲🇵	northern_mariana_islands	northern_mariana_islands	northern_mariana_islands flag: Northern Mariana Islands
🇲🇶	martinique	martinique	martinique flag: Martinique
🇲🇷	mauritania	mauritania	mauritania flag: Mauritania
🇲🇸	montserrat	montserrat	montserrat flag: Montserrat
🇲🇹	malta	malta	malta flag: Malta
🇲🇺	mauritius	mauritius	mauritius flag: Mauritius
🇲🇻	maldives	maldives	maldives flag: Maldives
🇲🇼	malawi	malawi	malawi flag: Malawi
🇲🇽	mexico	mexico	mexico flag: Mexico
🇲🇾	malaysia	malaysia	malaysia flag: Malaysia
🇲🇿	mozambique	mozambique	mozambique flag: Mozambique
🇳🇦	namibia	namibia	namibia flag: Namibia
🇳🇨	new_caledonia	new_caledonia	new_caledonia flag: New Caledonia
🇳🇪	niger	niger	niger flag: Niger
🇳🇫	norfolk_island	norfolk_island	norfolk_island flag: Norfolk Island
🇳🇬	nigeria	nigeria	nigeria flag: Nigeria
🇳🇮	nicaragua	nicaragua	nicaragua flag: Nicaragua
🇳🇱	netherlands	netherlands	netherlands flag: Netherlands
🇳🇴	norway	norway	norway flag: Norway
🇳🇵	nepal	nepal	nepal flag: Nepal
🇳🇷	nauru	nauru	nauru flag: Nauru
🇳🇺	niue	niue	niue flag: Niue
🇳🇿	new_zealand	new_zealand	new_zealand flag: New Zealand
🇴🇲	oman	oman	oman flag: Oman
🇵🇦	panama	panama	panama flag: Panama
🇵🇪	peru	peru	peru flag: Peru
🇵🇫	french_polynesia	french_polynesia	french_polynesia flag: French Polynesia
🇵🇬	papua_new_guinea	papua_new_guinea	papua_new_guinea flag: Papua New Guinea
🇵🇭	philippines	philippines	philippines flag: Philippines
🇵🇰	pakistan	pakistan	pakistan flag: Pakistan
🇵🇱	poland	poland	poland flag: Poland
🇵🇲	st_pierre_miquelon	st_pierre_miquelon	st_pierre_miquelon flag: St. Pierre & Miquelon
🇵🇳	pitcairn_islands	pitcairn_islands	pitcairn_islands flag: Pitcairn Islands
🇵🇷	puerto_rico	puerto_rico	puerto_rico flag: Puerto Rico
🇵🇸	palestinian_territories	palestinian_territories	palestinian_territories flag: Palestinian Territories
🇵🇹	portugal	portugal	portugal flag: Portugal
🇵🇼	palau	palau	palau flag: Palau
🇵🇾	paraguay	paraguay	paraguay flag: Paraguay
🇶🇦	qatar	qatar	qatar flag: Qatar
🇷🇪	reunion	reunion	reunion flag: Réunion
🇷🇴	romania	romania	romania flag: Romania
🇷🇸	serbia	serbia	serbia flag: Serbia
🇷🇺	ru	ru	ru flag: Russia russia
🇷🇼	rwanda	rwanda	rwanda flag: Rwanda
🇸🇦	saudi_arabia	saudi_arabia	saudi_arabia flag: Saudi Arabia
🇸🇧	solomon_islands	solomon_islands	solomon_islands flag: Solomon Islands
🇸🇨	seychelles	seychelles	seychelles flag: Seychelles
🇸🇩	sudan	sudan	sudan flag: Sudan
🇸🇪	sweden	sweden	sweden flag: Sweden
🇸🇬	singapore	singapore	singapore flag: Singapore
🇸🇭	st_helena	st_helena	st_helena flag: St. Helena
🇸🇮	slovenia	slovenia	slovenia flag: Slovenia
🇸🇯	svalbard_jan_mayen	svalbard_jan_mayen	svalbard_jan_mayen flag: Svalbard & Jan Mayen
🇸🇰	slovakia	slovakia	slovakia flag: Slovakia
🇸🇱	sierra_leone	sierra_leone	sierra_leone flag: Sierra Leone
🇸🇲	san_marino	san_marino	san_marino flag: San Marino
🇸🇳	senegal	senegal	senegal flag: Senegal
🇸🇴	somalia	somalia	somalia flag: Somalia
🇸🇷	suriname	suriname	suriname flag: Suriname
🇸🇸	south_sudan	south_sudan	south_sudan flag: South Sudan
🇸🇹	sao_tome_principe	sao_tome_principe	sao_tome_principe flag: São Tomé & Príncipe
🇸🇻	el_salvador	el_salvador	el_salvador flag: El Salvador
🇸🇽	sint_maarten	sint_maarten	sint_maarten flag: Sint Maarten
🇸🇾	syria	syria	syria flag: Syria
🇸🇿	swaziland	swaziland	swaziland flag: Eswatini
🇹🇦	tristan_da_cunha	tristan_da_cunha	tristan_da_cunha flag: Tristan da Cunha
🇹🇨	turks_caicos_islands	turks_caicos_islands	turks_caicos_islands flag: Turks & Caicos Islands
🇹🇩	chad	chad	chad flag: Chad
🇹🇫	french_southern_territories	french_southern_territories	french_southern_territories flag: French Southern Territories
🇹🇬	togo	togo	togo flag: Togo
🇹🇭	thailand	thailand	thailand flag: Thailand
🇹🇯	tajikistan	tajikistan	tajikistan flag: Tajikistan
🇹🇰	tokelau	tokelau	tokelau flag: Tokelau
🇹🇱	timor_leste	timor_leste	timor_leste flag: Timor-Leste
🇹🇲	turkmenistan	turkmenistan	turkmenistan flag: Turkmenistan
🇹🇳	tunisia	tunisia	tunisia flag: Tunisia
🇹🇴	tonga	tonga	tonga flag: Tonga
🇹🇷	tr	tr	tr flag: Turkey turkey
🇹🇹	trinidad_tobago	trinidad_tobago	trinidad_tobago flag: Trinidad & Tobago
🇹🇻	tuvalu	tuvalu	tuvalu flag: Tuvalu
🇹🇼	taiwan	taiwan	taiwan flag: Taiwan
🇹🇿	tanzania	tanzania	tanzania flag: Tanzania
🇺🇦	ukraine	ukraine	ukraine flag: Ukraine
🇺🇬	uganda	uganda	uganda flag: Uganda
🇺🇲	us_outlying_islands	us_outlying_islands	us_outlying_islands flag: U.S. Outlying Islands
🇺🇳	united_nations	united_nations	united_nations flag: United Nations
🇺🇸	us	us	us flag: United States flag united america
🇺🇾	uruguay	uruguay	uruguay flag: Uruguay
🇺🇿	uzbekistan	uzbekistan	uzbekistan flag: Uzbekistan
🇻🇦	vatican_city	vatican_city	vatican_city flag: Vatican City
🇻🇨	st_vincent_grenadines	st_vincent_grenadines	st_vincent_grenadines flag: St. Vincent & Grenadines
🇻🇪	venezuela	venezuela	venezuela flag: Venezuela
🇻🇬	british_virgin_islands	british_virgin_islands	british_virgin_islands flag: British Virgin Islands
🇻🇮	us_virgin_islands	us_virgin_islands	us_virgin_islands flag: U.S. Virgin Islands
🇻🇳	vietnam	vietnam	vietnam flag: Vietnam
🇻🇺	vanuatu	vanuatu	vanuatu flag: Vanuatu
🇼🇫	wallis_futuna	wallis_futuna	wallis_futuna flag: Wallis & Futuna
🇼🇸	samoa	samoa	samoa flag: Samoa
🇽🇰	kosovo	kosovo	kosovo flag: Kosovo
🇾🇪	yemen	yemen	yemen flag: Yemen
🇾🇹	mayotte	mayotte	mayotte flag: Mayotte
🇿🇦	south_africa	south_africa	south_africa flag: South Africa
🇿🇲	zambia	zambia	zambia flag: Zambia
🇿🇼	zimbabwe	zimbabwe	zimbabwe flag: Zimbabwe
🏴󠁧󠁢󠁥󠁮󠁧󠁿	england	england	england flag: England
🏴󠁧󠁢󠁳󠁣󠁴󠁿	scotland	scotland	scotland flag: Scotland
🏴󠁧󠁢󠁷󠁬󠁳󠁿	wales	wales	wales flag: Wales
